LAT,LON
31.2543,121.9454
31.2481,121.9832
31.2409,122.029
31.2341,122.072
31.2189,122.1124
31.1947,122.1516
31.1688,122.1934
35.0479,128.7842
35.0672,128.7934
35.0706,128.8069
35.07,128.8142
35.0687,128.8152
35.0686,128.8152
35.0686,128.8152
35.0686,128.8152
35.0713,128.8128
35.0718,128.8134
35.0621,128.7865
29.7531,131.3659
29.7247,131.3969
29.6966,131.4276
29.669,131.4579
29.6376,131.4924
29.5999,131.5335
29.5769,131.5587
27.1349,134.1988
26.8154,134.5399
26.4667,134.8488
26.4521,134.8687
26.1515,135.2456
25.8289,135.5867
25.5093,135.9243
24.73,136.743
23.0753,138.4651
22.7738,138.7765
22.7451,138.8061
22.4975,139.0612
22.4021,139.1594
22.0728,139.4978
21.7373,139.8418
21.4072,140.1794
21.0897,140.5035
20.4186,141.1862
18.7111,142.9103
18.392,143.2305
18.2257,143.3971
18.0628,143.5603
17.7454,143.8775
17.42,144.2021
17.1125,144.5086
16.1709,145.4435
14.778,146.8185
14.4363,147.1544
14.1016,147.483
13.9895,147.5929
13.7028,147.8737
13.4112,148.1591
13.0719,148.4907
12.725,148.8292
12.3895,149.1562
12.0367,149.4996
11.5251,149.9968
10.7048,150.7921
10.3677,151.1183
10.0379,151.437
9.7102,151.7535
9.666,151.7961
9.3724,152.0793
9.3603,152.091
9.024,152.4151
8.6756,152.7361
8.3173,153.0537
7.945,153.3833
7.6123,153.6776
7.1713,154.0674
6.2689,154.8641
5.9004,155.1888
5.582,155.4694
2.8544,157.867
2.5068,158.172
1.8347,158.7615
1.4764,159.0758
1.138,159.3725
0.82,159.6514
0.5971,159.8466
0.4707,159.9575
0.1257,160.2599
-0.21,160.5542
-0.5814,160.8797
-0.9318,161.187
-1.3001,161.5098
-1.6071,161.7791
-1.8393,161.9826
-2.1782,162.2798
-2.4881,162.5517
-2.829,162.8509
-3.1693,163.1495
-3.4946,163.4352
-3.6347,163.5612
-3.9066,163.7971
-4.1766,164.0344
-4.5437,164.357
-4.866,164.6406
-5.2336,164.9641
-5.5463,165.2393
-6.263,165.871
-6.5856,166.1556
-6.9337,166.4628
-7.2188,166.7146
-7.5736,167.0282
-7.9284,167.3421
-8.2197,167.6001
-8.5443,167.8877
-8.8971,168.2006
-9.2286,168.4948
-9.5694,168.7976
-9.885,169.0783
-10.2206,169.377
-10.5775,169.6951
-10.9076,169.9896
-11.2503,170.2957
-11.5855,170.5954
-11.9191,170.8941
-12.226,171.1914
-12.5172,171.4815
-12.8789,171.8422
-13.2152,172.1778
-13.5286,172.4912
-14.7896,173.7563
-15.1175,174.0864
-15.4332,174.4047
-15.7474,174.722
-16.3389,175.3207
-16.6001,175.5857
-17.4229,176.4227
-17.7464,176.7527
-18.0878,177.1018
-18.3238,177.4802
-18.3513,177.5387
-18.5041,177.8641
-18.4745,178.1698
-18.2403,178.3752
-18.1335,178.4236
-18.1308,178.4058
-18.4115,178.2519
-18.708,178.0669
-19.0541,177.8516
-19.3901,177.7848
-19.7526,177.7272
-20.9633,177.5341
-21.3287,177.4755
-22.2154,177.3328
-22.708,177.2531
-23.1249,177.1855
-23.5386,177.1181
-23.802,177.0752
-23.9455,177.0515
-24.3438,176.9865
-24.7548,176.9189
-26.7814,176.5823
-27.17,176.5172
-27.7929,176.4123
-28.236,176.3372
-28.6692,176.2635
-29.0698,176.1951
-29.2395,176.1662
-29.4013,176.1384
-29.7289,176.0821
-30.0617,176.0248
-31.5759,175.761
-31.9366,175.6976
-33.0646,175.4977
-33.4852,175.4226
-33.9326,175.342
-34.0951,175.3129
-34.3859,175.2604
-34.465,175.2458
-34.7831,175.188
-35.7659,175.0081
-35.8156,174.999
-35.8529,174.9921
-35.8858,174.9859
-35.9251,174.9823
-35.9664,174.9805
-36.0058,174.9789
-36.0834,174.9756
-36.1254,174.9738
-36.1729,174.9719
-36.2018,174.9707
-36.2411,174.969
-36.2817,174.9673
-36.3167,174.9658
-36.3491,174.9644
-36.3883,174.9628
31.2543,121.9454
31.2481,121.9832
31.2409,122.029
31.2341,122.072
31.2189,122.1124
31.1947,122.1516
31.1688,122.1934
35.0479,128.7842
35.0672,128.7934
35.0706,128.8069
35.07,128.8142
35.0687,128.8152
35.0686,128.8152
35.0686,128.8152
35.0686,128.8152
35.0713,128.8128
35.0718,128.8134
35.0621,128.7865
29.7531,131.3659
29.7247,131.3969
29.6966,131.4276
29.669,131.4579
29.6376,131.4924
29.5999,131.5335
29.5769,131.5587
27.1349,134.1988
26.8154,134.5399
26.4667,134.8488
26.4521,134.8687
26.1515,135.2456
25.8289,135.5867
25.5093,135.9243
24.73,136.743
23.0753,138.4651
22.7738,138.7765
22.7451,138.8061
22.4975,139.0612
22.4021,139.1594
22.0728,139.4978
21.7373,139.8418
21.4072,140.1794
21.0897,140.5035
20.4186,141.1862
18.7111,142.9103
18.392,143.2305
18.2257,143.3971
18.0628,143.5603
17.7454,143.8775
17.42,144.2021
17.1125,144.5086
16.1709,145.4435
14.778,146.8185
14.4363,147.1544
14.1016,147.483
13.9895,147.5929
13.7028,147.8737
13.4112,148.1591
13.0719,148.4907
12.725,148.8292
12.3895,149.1562
12.0367,149.4996
11.5251,149.9968
10.7048,150.7921
10.3677,151.1183
10.0379,151.437
9.7102,151.7535
9.666,151.7961
9.3724,152.0793
9.3603,152.091
9.024,152.4151
8.6756,152.7361
8.3173,153.0537
7.945,153.3833
7.6123,153.6776
7.1713,154.0674
6.2689,154.8641
5.9004,155.1888
5.582,155.4694
2.8544,157.867
2.5068,158.172
1.8347,158.7615
1.4764,159.0758
1.138,159.3725
0.82,159.6514
0.5971,159.8466
0.4707,159.9575
0.1257,160.2599
-0.21,160.5542
-0.5814,160.8797
-0.9318,161.187
-1.3001,161.5098
-1.6071,161.7791
-1.8393,161.9826
-2.1782,162.2798
-2.4881,162.5517
-2.829,162.8509
-3.1693,163.1495
-3.4946,163.4352
-3.6347,163.5612
-3.9066,163.7971
-4.1766,164.0344
-4.5437,164.357
-4.866,164.6406
-5.2336,164.9641
-5.5463,165.2393
-6.263,165.871
-6.5856,166.1556
-6.9337,166.4628
-7.2188,166.7146
-7.5736,167.0282
-7.9284,167.3421
-8.2197,167.6001
-8.5443,167.8877
-8.8971,168.2006
-9.2286,168.4948
-9.5694,168.7976
-9.885,169.0783
-10.2206,169.377
-10.5775,169.6951
-10.9076,169.9896
-11.2503,170.2957
-11.5855,170.5954
-11.9191,170.8941
-12.226,171.1914
-12.5172,171.4815
-12.8789,171.8422
-13.2152,172.1778
-13.5286,172.4912
-14.7896,173.7563
-15.1175,174.0864
-15.4332,174.4047
-15.7474,174.722
-16.3389,175.3207
-16.6001,175.5857
-17.4229,176.4227
-17.7464,176.7527
-18.0878,177.1018
-18.3238,177.4802
-18.3513,177.5387
-18.5041,177.8641
-18.4745,178.1698
-18.2403,178.3752
-18.1335,178.4236
-18.1308,178.4058
-18.4115,178.2519
-18.708,178.0669
-19.0541,177.8516
-19.3901,177.7848
-19.7526,177.7272
-20.9633,177.5341
-21.3287,177.4755
-22.2154,177.3328
-22.708,177.2531
-23.1249,177.1855
-23.5386,177.1181
-23.802,177.0752
-23.9455,177.0515
-24.3438,176.9865
-24.7548,176.9189
-26.7814,176.5823
-27.17,176.5172
-27.7929,176.4123
-28.236,176.3372
-28.6692,176.2635
-29.0698,176.1951
-29.2395,176.1662
-29.4013,176.1384
-29.7289,176.0821
-30.0617,176.0248
-31.5759,175.761
-31.9366,175.6976
-33.0646,175.4977
-33.4852,175.4226
-33.9326,175.342
-34.0951,175.3129
-34.3859,175.2604
-34.465,175.2458
-34.7831,175.188
-35.7659,175.0081
-35.8156,174.999
-35.8529,174.9921
-35.8858,174.9859
-35.9251,174.9823
-35.9664,174.9805
-36.0058,174.9789
-36.0834,174.9756
-36.1254,174.9738
-36.1729,174.9719
-36.2018,174.9707
-36.2411,174.969
-36.2817,174.9673
-36.3167,174.9658
-36.3491,174.9644
-36.3883,174.9628
31.2543,121.9454
31.2481,121.9832
31.2409,122.029
31.2341,122.072
31.2189,122.1124
31.1947,122.1516
31.1688,122.1934
35.0479,128.7842
35.0672,128.7934
35.0706,128.8069
35.07,128.8142
35.0687,128.8152
35.0686,128.8152
35.0686,128.8152
35.0686,128.8152
35.0713,128.8128
35.0718,128.8134
35.0621,128.7865
29.7531,131.3659
29.7531,131.3659
29.7247,131.3969
29.6966,131.4276
29.669,131.4579
29.6376,131.4924
29.5999,131.5335
29.5769,131.5587
27.1349,134.1988
26.8154,134.5399
26.4667,134.8488
26.4521,134.8687
26.1515,135.2456
25.8289,135.5867
25.5093,135.9243
24.73,136.743
23.0753,138.4651
22.7738,138.7765
22.7451,138.8061
22.4975,139.0612
22.4021,139.1594
22.0728,139.4978
21.7373,139.8418
21.4072,140.1794
21.0897,140.5035
20.4186,141.1862
18.7111,142.9103
18.392,143.2305
18.2257,143.3971
18.0628,143.5603
17.7454,143.8775
17.42,144.2021
17.1125,144.5086
16.1709,145.4435
14.778,146.8185
14.4363,147.1544
14.1016,147.483
13.9895,147.5929
13.7028,147.8737
13.4112,148.1591
13.0719,148.4907
12.725,148.8292
12.3895,149.1562
12.0367,149.4996
11.5251,149.9968
10.7048,150.7921
10.3677,151.1183
10.0379,151.437
9.7102,151.7535
9.666,151.7961
9.3724,152.0793
9.3603,152.091
9.024,152.4151
8.6756,152.7361
8.3173,153.0537
7.945,153.3833
7.6123,153.6776
7.1713,154.0674
6.2689,154.8641
5.9004,155.1888
5.582,155.4694
2.8544,157.867
2.5068,158.172
1.8347,158.7615
1.4764,159.0758
1.138,159.3725
0.82,159.6514
0.5971,159.8466
0.4707,159.9575
0.1257,160.2599
-0.21,160.5542
-0.5814,160.8797
-0.9318,161.187
-1.3001,161.5098
-1.6071,161.7791
-1.8393,161.9826
-2.1782,162.2798
-2.4881,162.5517
-2.829,162.8509
-3.1693,163.1495
-3.4946,163.4352
-3.6347,163.5612
-3.9066,163.7971
-4.1766,164.0344
-4.5437,164.357
-4.866,164.6406
-5.2336,164.9641
-5.5463,165.2393
-6.263,165.871
-6.5856,166.1556
-6.9337,166.4628
-7.2188,166.7146
-7.5736,167.0282
-7.9284,167.3421
-8.2197,167.6001
-8.5443,167.8877
-8.8971,168.2006
-9.2286,168.4948
-9.5694,168.7976
-9.885,169.0783
-10.2206,169.377
-10.5775,169.6951
-10.9076,169.9896
-11.2503,170.2957
-11.5855,170.5954
-11.9191,170.8941
-12.226,171.1914
-12.5172,171.4815
-12.8789,171.8422
-13.2152,172.1778
-13.5286,172.4912
-14.7896,173.7563
-15.1175,174.0864
-15.4332,174.4047
-15.7474,174.722
-16.3389,175.3207
-16.6001,175.5857
-17.4229,176.4227
-17.7464,176.7527
-18.0878,177.1018
-18.3238,177.4802
-18.3513,177.5387
-18.5041,177.8641
-18.4745,178.1698
-18.2403,178.3752
-18.1335,178.4236
-18.1308,178.4058
-18.4115,178.2519
-18.708,178.0669
-19.0541,177.8516
-19.3901,177.7848
-19.7526,177.7272
-20.9633,177.5341
-21.3287,177.4755
-22.2154,177.3328
-22.708,177.2531
-23.1249,177.1855
-23.5386,177.1181
-23.802,177.0752
-23.9455,177.0515
-24.3438,176.9865
-24.7548,176.9189
-26.7814,176.5823
-27.17,176.5172
-27.7929,176.4123
-28.236,176.3372
-28.6692,176.2635
-29.0698,176.1951
-29.2395,176.1662
-29.4013,176.1384
-29.7289,176.0821
-30.0617,176.0248
-31.5759,175.761
-31.9366,175.6976
-33.0646,175.4977
-33.4852,175.4226
-33.9326,175.342
-34.0951,175.3129
-34.3859,175.2604
-34.465,175.2458
-34.7831,175.188
-35.7659,175.0081
-35.8156,174.999
-35.8529,174.9921
-35.8858,174.9859
-35.9251,174.9823
-35.9664,174.9805
-36.0058,174.9789
-36.0834,174.9756
-36.1254,174.9738
-36.1729,174.9719
-36.2018,174.9707
-36.2411,174.969
-36.2817,174.9673
-36.3167,174.9658
-36.3491,174.9644
-36.3883,174.9628
31.2531,121.949
31.2458,121.9949
31.239,122.0373
31.2287,122.0895
31.211,122.1239
31.1866,122.1638
31.1577,122.2103
31.1366,122.2462
31.1107,122.2908
31.1012,122.3362
31.0996,122.3765
31.0939,122.4238
31.0915,122.4556
31.0922,122.4969
31.0923,122.549
31.0914,122.6116
31.0908,122.6584
31.0913,122.7164
31.0929,122.7732
31.0962,122.8188
31.1048,122.8565
33.6316,127.7494
33.6551,127.7711
33.7059,127.816
33.7461,127.8506
33.7716,127.8728
33.8107,127.9141
33.8484,127.9529
33.8779,127.9831
33.918,128.0234
33.9534,128.0601
33.987,128.0953
34.02,128.1291
34.0568,128.1671
34.0908,128.2023
34.1247,128.2374
34.1632,128.2773
34.1959,128.3109
34.2265,128.3426
34.2674,128.3857
34.297,128.417
34.3331,128.4557
34.3705,128.4947
34.3999,128.5253
34.4352,128.5601
34.4722,128.5968
34.5001,128.6347
34.529,128.6779
34.5525,128.7152
34.5735,128.7479
34.598,128.786
34.6229,128.8253
34.6453,128.859
34.6743,128.8552
34.7097,128.8508
34.7448,128.8434
34.7881,128.8388
34.8312,128.8412
34.8646,128.8385
34.9086,128.8295
34.9488,128.8242
34.98,128.8138
34.9995,128.806
35.0226,128.795
35.0471,128.7838
35.0644,128.7884
35.0695,128.8034
35.0687,128.8105
35.0683,128.8129
35.0682,128.8129
35.0682,128.813
35.0681,128.813
35.0682,128.8129
35.0682,128.8129
35.0682,128.8129
35.0681,128.813
35.0682,128.813
35.0682,128.8129
35.0682,128.8129
34.0603,129.0403
34.0155,129.0362
33.9704,129.0318
33.9301,129.0414
33.8833,129.0597
33.8354,129.0791
33.802,129.093
33.7537,129.1124
33.7081,129.1302
33.6637,129.147
33.6291,129.1609
33.5832,129.1781
33.5433,129.1914
33.4919,129.2058
33.446,129.2181
33.4047,129.2294
33.3617,129.2408
33.3227,129.2516
33.2755,129.2654
33.2244,129.2787
33.2058,129.2835
33.1435,129.3134
33.1058,129.3383
33.0622,129.3667
33.029,129.3884
32.9841,129.4178
32.943,129.444
32.9037,129.4586
32.8569,129.4627
32.8035,129.4666
32.7649,129.4695
32.7158,129.473
32.6694,129.4765
32.629,129.4794
32.5784,129.4822
32.5315,129.4848
32.4872,129.4878
32.4399,129.4914
32.3953,129.4954
32.3474,129.4996
32.2971,129.5076
32.2455,129.5179
32.2093,129.5249
32.1545,129.5337
32.1267,129.5377
32.0532,129.5483
31.9262,129.5646
31.868,129.5705
31.8252,129.5751
31.805,129.5778
31.6781,129.5969
31.644,129.6045
31.598,129.6342
31.5599,129.6765
31.5307,129.7091
31.5014,129.7426
31.4639,129.785
31.4598,129.7897
31.3947,129.8616
31.3607,129.8972
31.3303,129.9299
31.2928,129.9702
31.2585,130.008
31.2291,130.0412
31.1925,130.0817
31.1597,130.1172
31.1266,130.1526
31.0937,130.1892
31.0609,130.2262
31.0315,130.2594
30.9957,130.298
30.9615,130.3365
30.9276,130.3735
30.8878,130.4164
30.8512,130.4566
30.8223,130.482
30.7876,130.5072
30.6708,130.5844
30.6202,130.6176
30.5148,130.6888
30.416,130.7544
30.3764,130.7798
30.34,130.8044
30.3014,130.8305
30.2561,130.8599
30.2193,130.8841
30.1811,130.9227
30.1458,130.9609
30.1135,130.9954
30.0857,131.025
30.0501,131.0636
30.0142,131.103
29.9803,131.1386
29.9458,131.174
29.9137,131.2073
29.8765,131.2473
29.8438,131.2818
29.8114,131.3167
29.7775,131.3546
29.7437,131.3924
29.716,131.4233
29.6813,131.4622
29.6482,131.4996
29.6175,131.533
29.602,131.5498
28.9238,132.2797
28.7268,132.4918
28.5846,132.6431
28.2638,132.9849
27.9503,133.3193
26.8594,134.4765
26.5721,134.7775
25.5651,135.8292
25.2359,136.1734
24.4327,136.9995
24.2028,137.241
23.8519,137.5991
23.4947,137.9653
22.1751,139.3074
21.475,140.0191
21.1532,140.3411
20.5112,140.9894
20.1539,141.3556
20.0985,141.4097
19.8043,141.7004
19.4511,142.0465
19.1007,142.3953
17.8334,143.6501
17.0417,144.4274
16.717,144.7467
16.0407,145.4067
15.6943,145.7453
15.4008,146.0318
15.3517,146.0817
15.0198,146.4206
14.6842,146.7597
13.573,147.8845
13.3002,148.1591
13.0477,148.4097
12.7217,148.7374
12.4148,149.0464
12.054,149.367
11.7548,149.7222
11.4784,150.047
11.1377,150.3604
10.7851,150.6802
10.4465,151.0116
9.3533,152.101
9.0727,152.3757
8.7492,152.6835
8.3662,153.0225
8.0283,153.3198
7.6714,153.6366
7.2851,153.9796
6.9405,154.2886
6.5609,154.6213
6.1882,154.945
5.8192,155.272
5.4567,155.589
5.1077,155.8992
4.7597,156.2081
4.3605,156.5564
4.0079,156.8638
3.6479,157.1798
3.3094,157.4768
2.9617,157.7833
2.2775,158.3799
2.0317,158.5983
1.3854,159.1644
1.0478,159.4603
0.6895,159.7689
0.3146,160.1032
0.0827,160.3043
-0.0365,160.4104
-0.2056,160.5583
-0.3881,160.7175
-0.7379,161.0232
-1.0642,161.3134
-1.4229,161.6239
-1.7988,161.9376
-2.1258,162.2417
-2.4833,162.5533
-2.8682,162.8905
-3.1978,163.1791
-3.5434,163.4826
-3.8989,163.7943
-4.2826,164.133
-4.4098,164.244
-4.6408,164.4458
-4.7172,164.5124
-4.962,164.7293
-4.996,164.7587
-5.3647,165.0828
-5.7218,165.399
-6.4074,166.0289
-6.7607,166.3129
-7.1075,166.6188
-7.4721,166.9408
-7.8329,167.2589
-8.2163,167.5984
-8.5946,167.93
-8.9394,168.2398
-9.0,168.2931
-9.311,168.5709
-9.3123,168.5721
-9.6721,168.8909
-10.0125,169.1929
-10.3954,169.5417
-11.1465,170.2005
-11.3873,170.4151
-11.5166,170.5313
-11.8931,170.8704
-12.1664,171.1957
-12.5531,171.5171
-12.8737,171.8443
-13.2028,172.1589
-13.5078,172.4676
-13.7952,172.7554
-13.8342,172.7944
-14.1515,173.1161
-14.4574,173.4228
-15.6392,174.6156
-16.1939,175.1758
-16.5309,175.5165
-16.9135,175.9113
-17.2639,176.2552
-17.6304,176.6333
-17.9832,176.999
-18.1844,177.2025
-18.2843,177.3986
-18.3806,177.6023
-18.4895,177.832
-18.1349,178.4232
-18.1348,178.4232
-18.1348,178.4232
-18.1348,178.4232
-18.1349,178.4232
-18.1359,178.4148
-18.1358,178.4152
-18.1907,178.3845
-18.4336,178.2698
-18.5425,178.2045
-18.8257,178.0322
-20.9986,177.5745
-21.4717,177.4953
-22.3463,177.3507
-22.7705,177.2782
-23.2349,177.1999
-23.6892,177.1323
-23.7688,177.119
-24.1979,177.0428
-26.6835,176.6259
-27.666,176.4545
-28.0946,176.3802
-28.5099,176.3145
-28.9296,176.2324
-29.3466,176.1607
-29.7189,176.097
-30.0811,176.0341
-31.8572,175.7086
-31.9923,175.6593
-32.4808,175.5831
-33.0053,175.5093
-33.5436,175.4121
-34.047,175.3181
-34.5163,175.2292
-34.874,175.162
-35.3535,175.0748
-35.5814,175.0309
-35.6822,175.0128
-35.7204,175.0054
-35.7841,174.9933
-35.8272,174.985
-35.885,174.9748
-35.9732,174.9744
-36.0765,174.9736
-36.1138,174.9729
-36.1799,174.9729
-36.2239,174.9726
-36.2752,174.9718
-36.3779,174.9714
31.2549,121.9417
31.2495,121.974
31.2414,122.0243
31.2177,122.1157
31.1947,122.1513
31.1771,122.181
31.1525,122.2201
31.1303,122.2569
31.0989,122.4114
31.094,122.4245
31.0936,122.4857
31.0852,122.5213
31.0721,122.5368
31.0779,122.6544
31.0785,122.7474
31.1038,122.8507
31.1105,122.8689
33.9404,128.1017
34.0046,128.1885
34.0312,128.2243
34.0556,128.2819
34.1195,128.3766
34.1424,128.4063
34.1696,128.4412
34.1986,128.4779
34.229,128.5214
34.2813,128.5934
34.3405,128.6825
34.365,128.7194
34.3933,128.762
34.431,128.7899
34.4684,128.8096
34.547,128.8504
34.5837,128.8692
34.6207,128.8882
34.6913,128.9253
34.738,128.9359
34.7778,128.9223
34.8152,128.9026
34.8581,128.8799
34.9189,128.8457
34.9704,128.8187
34.9892,128.8097
35.0194,128.7948
35.0494,128.7822
35.0622,128.784
35.0687,128.813
35.0683,128.8132
35.0683,128.8131
35.0683,128.8131
35.0683,128.8131
35.0683,128.8132
35.0683,128.8131
35.0683,128.8131
35.0683,128.8131
35.0684,128.8131
35.0683,128.8131
35.0683,128.8131
35.0689,128.813
35.0709,128.8145
35.0712,128.8083
35.0241,128.7849
35.0014,128.7939
34.9641,128.8042
34.8949,128.8386
34.8504,128.8407
34.8182,128.8293
34.7837,128.8397
34.7447,128.8582
34.6677,128.8716
34.5835,128.911
34.5365,128.9284
34.503,128.9413
34.4638,128.9595
34.4334,128.975
34.3439,128.9977
34.3114,129.0028
34.2651,129.0106
34.1846,129.0251
34.1495,129.0313
34.112,129.0377
34.0749,129.0433
34.0295,129.053
33.9555,129.0731
33.8645,129.0972
33.8262,129.1073
33.7869,129.1064
33.7427,129.1145
33.7061,129.1281
33.6224,129.159
33.5754,129.1736
33.537,129.1835
33.4575,129.2044
33.4164,129.2153
33.3751,129.226
33.3389,129.2411
33.2915,129.2539
33.2089,129.2714
33.1311,129.3068
33.1129,129.341
33.0829,129.399
33.0519,129.4469
33.0314,129.474
32.9399,129.4947
32.9044,129.5037
32.8558,129.5033
32.7709,129.5112
32.7278,129.5166
32.6901,129.5196
32.6461,129.523
32.6005,129.5263
32.5228,129.5322
32.4295,129.5392
32.308,129.5484
32.2725,129.551
32.1856,129.5575
32.139,129.5607
32.0956,129.5642
32.0834,129.5651
32.0214,129.5698
31.9789,129.573
31.9233,129.577
31.8822,129.58
31.85,129.5828
31.7962,129.5866
31.6855,129.5948
31.6504,129.5974
31.6128,129.6072
31.5818,129.6402
31.5563,129.6697
31.5001,129.7343
31.4713,129.7677
31.4412,129.8021
31.3864,129.8654
31.3524,129.9044
31.3238,129.9372
31.2968,129.9682
31.2638,130.0062
31.2062,130.0725
31.1485,130.1388
31.1209,130.1705
31.095,130.2
31.0626,130.2374
31.0371,130.2665
30.977,130.3356
30.9493,130.3673
30.9137,130.408
30.8683,130.46
30.8326,130.4995
30.8108,130.5121
30.7479,130.5433
30.6405,130.6007
30.5822,130.6352
30.5271,130.6705
30.4817,130.6985
30.4408,130.724
30.4102,130.7434
30.3287,130.7975
30.2968,130.8177
30.2584,130.8409
30.1899,130.8863
30.1541,130.9255
30.1227,130.9602
30.0957,130.9899
30.0571,131.0325
30.0033,131.0916
29.9393,131.1617
29.914,131.1895
29.8822,131.2244
29.8504,131.2595
29.8246,131.2877
29.7629,131.3556
29.7344,131.3865
29.6947,131.4298
29.6394,131.4905
29.6069,131.5262
29.5786,131.557
29.5522,131.5858
29.5358,131.6037
29.4634,131.6829
29.4551,131.692
29.3978,131.7545
29.3767,131.7775
29.3364,131.8215
29.3073,131.8563
29.293,131.8708
29.2191,131.9494
29.1924,131.9786
29.155,132.0192
29.1449,132.0302
27.7524,133.5368
25.8509,135.5636
25.4875,135.9473
24.8097,136.6595
24.4542,137.0316
23.4149,138.1133
21.5713,140.0117
21.4823,140.1027
21.322,140.2664
21.1752,140.4162
20.8754,140.7221
20.5637,141.0388
20.2517,141.3555
19.9295,141.682
19.3497,142.2678
17.6561,143.9668
17.3509,144.2711
17.2418,144.3797
17.0211,144.5995
16.698,144.9207
16.3663,145.2498
16.0404,145.5726
15.7052,145.9043
15.1567,146.4455
13.6285,147.9465
13.2441,148.3225
12.9356,148.6237
12.5814,148.9694
12.2165,149.3247
11.8857,149.6464
11.5744,149.949
11.2254,150.2878
10.7336,150.7643
9.5003,151.956
9.1622,152.2819
8.8761,152.5575
8.8498,152.5816
8.5725,152.8275
8.5024,152.8896
8.1456,153.2057
7.8028,153.5091
7.4613,153.8112
7.1223,154.1107
6.7689,154.4228
6.3946,154.7532
6.0798,155.0307
5.3625,155.6627
4.9997,155.982
4.652,156.2879
4.4032,156.5067
4.2996,156.5979
4.1052,156.7686
3.9324,156.9206
3.5868,157.2242
3.2305,157.537
2.8907,157.8352
2.5203,158.1603
2.1924,158.4479
1.8323,158.7637
1.4921,159.0621
1.1248,159.3669
0.7928,159.6752
0.4293,159.9938
0.0678,160.3107
-0.2857,160.6206
-0.3741,160.6982
-0.623,160.9163
-0.9663,161.2173
-1.2868,161.4982
-1.6359,161.8043
-1.9843,162.1099
-2.3283,162.4116
-2.6951,162.7335
-3.0583,163.0522
-3.3986,163.351
-3.7508,163.6603
-4.131,163.9943
-4.4585,164.282
-4.8534,164.6294
-5.1592,164.8985
-5.1786,164.9156
-5.5377,165.2319
-5.8957,165.5472
-6.2525,165.8617
-6.6145,166.1811
-6.9718,166.4964
-7.2837,166.7719
-7.632,167.0798
-7.9868,167.3938
-8.3547,167.7195
-8.7228,168.0458
-9.0846,168.3669
-9.4011,168.6479
-9.6748,168.8913
-10.1413,169.3065
-10.4882,169.6155
-10.8869,169.9712
-11.239,170.2856
-11.5875,170.5972
-11.924,170.8986
-12.2455,171.2108
-12.8891,171.8523
-13.2373,172.1999
-13.5503,172.5129
-13.777,172.7398
-14.0552,173.0186
-15.207,174.1766
-15.5441,174.5166
-15.9153,174.8918
-15.9362,174.913
-16.2044,175.1844
-16.5487,175.5336
-16.8385,175.8277
-17.1794,176.1747
-17.4175,176.379
-18.067,177.0806
-18.4566,178.2088
-18.173,178.3893
-18.1318,178.4244
-18.1319,178.4244
-18.1319,178.4244
-18.1318,178.4244
-18.1316,178.424
-18.8148,178.0005
-19.1897,177.8165
-19.6485,177.7438
-20.0848,177.6745
-20.3223,177.6366
-20.4919,177.6096
-20.9495,177.5364
-21.4033,177.4636
-21.8487,177.392
-23.187,177.1755
-23.6603,177.0983
-25.4185,176.8093
-25.9987,176.713
-26.5004,176.6293
-26.7131,176.5939
-27.0163,176.5361
-27.485,176.4644
-27.9686,176.3826
-28.4208,176.3059
-30.0202,176.0319
-30.4071,175.965
-31.3546,175.799
-31.6261,175.749
-31.8855,175.7061
-32.1984,175.649
-32.5269,175.5934
-32.8459,175.5259
-34.2649,175.2822
-34.5406,175.2272
-35.5059,175.056
-35.7182,175.0169
-35.7505,175.011
-35.7871,175.0042
-35.8572,174.9913
-35.8822,174.9867
-35.9106,174.983
-35.9432,174.9816
-35.9736,174.9804
-36.0221,174.9726
-36.0119,174.9948
-36.0465,174.9915
-36.0752,174.9872
-36.0954,174.9839
-36.1238,174.979
-36.1494,174.9566
-36.1431,174.9558
-36.1556,174.968
-36.1969,174.9714
-36.2175,174.9703
-36.2382,174.9693
-36.2727,174.9679
-36.2831,174.9674
-36.3389,174.9647
-36.3882,174.963
31.2531,121.949
31.2458,121.9949
31.239,122.0373
31.2287,122.0895
31.211,122.1239
31.1866,122.1638
31.1577,122.2103
31.1366,122.2462
31.1107,122.2908
31.1012,122.3362
31.0996,122.3765
31.0939,122.4238
31.0915,122.4556
31.0922,122.4969
31.0923,122.549
31.0914,122.6116
31.0908,122.6584
31.0913,122.7164
31.0929,122.7732
31.0962,122.8188
31.1048,122.8565
33.6316,127.7494
33.6551,127.7711
33.7059,127.816
33.7461,127.8506
33.7716,127.8728
33.8107,127.9141
33.8484,127.9529
33.8779,127.9831
33.918,128.0234
33.9534,128.0601
33.987,128.0953
34.02,128.1291
34.0568,128.1671
34.0908,128.2023
34.1247,128.2374
34.1632,128.2773
34.1959,128.3109
34.2265,128.3426
34.2674,128.3857
34.297,128.417
34.3331,128.4557
34.3705,128.4947
34.3999,128.5253
34.4352,128.5601
34.4722,128.5968
34.5001,128.6347
34.529,128.6779
34.5525,128.7152
34.5735,128.7479
34.598,128.786
34.6229,128.8253
34.6453,128.859
34.6743,128.8552
34.7097,128.8508
34.7448,128.8434
34.7881,128.8388
34.8312,128.8412
34.8646,128.8385
34.9086,128.8295
34.9488,128.8242
34.98,128.8138
34.9995,128.806
35.0226,128.795
35.0471,128.7838
35.0644,128.7884
35.0695,128.8034
35.0687,128.8105
35.0683,128.8129
35.0682,128.8129
35.0682,128.813
35.0681,128.813
35.0682,128.8129
35.0682,128.8129
35.0682,128.8129
35.0681,128.813
35.0682,128.813
35.0682,128.8129
35.0682,128.8129
34.0603,129.0403
34.0155,129.0362
33.9704,129.0318
33.9301,129.0414
33.8833,129.0597
33.8354,129.0791
33.802,129.093
33.7537,129.1124
33.7081,129.1302
33.6637,129.147
33.6291,129.1609
33.5832,129.1781
33.5433,129.1914
33.4919,129.2058
33.446,129.2181
33.4047,129.2294
33.3617,129.2408
33.3227,129.2516
33.2755,129.2654
33.2244,129.2787
33.2058,129.2835
33.1435,129.3134
33.1058,129.3383
33.0622,129.3667
33.029,129.3884
32.9841,129.4178
32.943,129.444
32.9037,129.4586
32.8569,129.4627
32.8035,129.4666
32.7649,129.4695
32.7158,129.473
32.6694,129.4765
32.629,129.4794
32.5784,129.4822
32.5315,129.4848
32.4872,129.4878
32.4399,129.4914
32.3953,129.4954
32.3474,129.4996
32.2971,129.5076
32.2455,129.5179
32.2093,129.5249
32.1545,129.5337
32.1267,129.5377
32.0532,129.5483
31.9262,129.5646
31.868,129.5705
31.8252,129.5751
31.805,129.5778
31.6781,129.5969
31.644,129.6045
31.598,129.6342
31.5599,129.6765
31.5307,129.7091
31.5014,129.7426
31.4639,129.785
31.4598,129.7897
31.3947,129.8616
31.3607,129.8972
31.3303,129.9299
31.2928,129.9702
31.2585,130.008
31.2291,130.0412
31.1925,130.0817
31.1597,130.1172
31.1266,130.1526
31.0937,130.1892
31.0609,130.2262
31.0315,130.2594
30.9957,130.298
30.9615,130.3365
30.9276,130.3735
30.8878,130.4164
30.8512,130.4566
30.8223,130.482
30.7876,130.5072
30.6708,130.5844
30.6202,130.6176
30.5148,130.6888
30.416,130.7544
30.3764,130.7798
30.34,130.8044
30.3014,130.8305
30.2561,130.8599
30.2193,130.8841
30.1811,130.9227
30.1458,130.9609
30.1135,130.9954
30.0857,131.025
30.0501,131.0636
30.0142,131.103
29.9803,131.1386
29.9458,131.174
29.9137,131.2073
29.8765,131.2473
29.8438,131.2818
29.8114,131.3167
29.7775,131.3546
29.7437,131.3924
29.716,131.4233
29.6813,131.4622
29.6482,131.4996
29.6175,131.533
29.602,131.5498
28.9238,132.2797
28.7268,132.4918
28.5846,132.6431
28.2638,132.9849
27.9503,133.3193
26.8594,134.4765
26.5721,134.7775
25.5651,135.8292
25.2359,136.1734
24.4327,136.9995
24.2028,137.241
23.8519,137.5991
23.4947,137.9653
22.1751,139.3074
21.475,140.0191
21.1532,140.3411
20.5112,140.9894
20.1539,141.3556
20.0985,141.4097
19.8043,141.7004
19.4511,142.0465
19.1007,142.3953
17.8334,143.6501
17.0417,144.4274
16.717,144.7467
16.0407,145.4067
15.6943,145.7453
15.4008,146.0318
15.3517,146.0817
15.0198,146.4206
14.6842,146.7597
13.573,147.8845
13.3002,148.1591
13.0477,148.4097
12.7217,148.7374
12.4148,149.0464
12.054,149.367
11.7548,149.7222
11.4784,150.047
11.1377,150.3604
10.7851,150.6802
10.4465,151.0116
9.3533,152.101
9.0727,152.3757
8.7492,152.6835
8.3662,153.0225
8.0283,153.3198
7.6714,153.6366
7.2851,153.9796
6.9405,154.2886
6.5609,154.6213
6.1882,154.945
5.8192,155.272
5.4567,155.589
5.1077,155.8992
4.7597,156.2081
4.3605,156.5564
4.0079,156.8638
3.6479,157.1798
3.3094,157.4768
2.9617,157.7833
2.2775,158.3799
2.0317,158.5983
1.3854,159.1644
1.0478,159.4603
0.6895,159.7689
0.3146,160.1032
0.0827,160.3043
-0.0365,160.4104
-0.2056,160.5583
-0.3881,160.7175
-0.7379,161.0232
-1.0642,161.3134
-1.4229,161.6239
-1.7988,161.9376
-2.1258,162.2417
-2.4833,162.5533
-2.8682,162.8905
-3.1978,163.1791
-3.5434,163.4826
-3.8989,163.7943
-4.2826,164.133
-4.4098,164.244
-4.6408,164.4458
-4.7172,164.5124
-4.962,164.7293
-4.996,164.7587
-5.3647,165.0828
-5.7218,165.399
-6.4074,166.0289
-6.7607,166.3129
-7.1075,166.6188
-7.4721,166.9408
-7.8329,167.2589
-8.2163,167.5984
-8.5946,167.93
-8.9394,168.2398
-9.0,168.2931
-9.311,168.5709
-9.3123,168.5721
-9.6721,168.8909
-10.0125,169.1929
-10.3954,169.5417
-11.1465,170.2005
-11.3873,170.4151
-11.5166,170.5313
-11.8931,170.8704
-12.1664,171.1957
-12.5531,171.5171
-12.8737,171.8443
-13.2028,172.1589
-13.5078,172.4676
-13.7952,172.7554
-13.8342,172.7944
-14.1515,173.1161
-14.4574,173.4228
-15.6392,174.6156
-16.1939,175.1758
-16.5309,175.5165
-16.9135,175.9113
-17.2639,176.2552
-17.6304,176.6333
-17.9832,176.999
-18.1844,177.2025
-18.2843,177.3986
-18.3806,177.6023
-18.4895,177.832
-18.1349,178.4232
-18.1348,178.4232
-18.1348,178.4232
-18.1348,178.4232
-18.1349,178.4232
-18.1359,178.4148
-18.1358,178.4152
-18.1907,178.3845
-18.4336,178.2698
-18.5425,178.2045
-18.8257,178.0322
-20.9986,177.5745
-21.4717,177.4953
-22.3463,177.3507
-22.7705,177.2782
-23.2349,177.1999
-23.6892,177.1323
-23.7688,177.119
-24.1979,177.0428
-26.6835,176.6259
-27.666,176.4545
-28.0946,176.3802
-28.5099,176.3145
-28.9296,176.2324
-29.3466,176.1607
-29.7189,176.097
-30.0811,176.0341
-31.8572,175.7086
-31.9923,175.6593
-32.4808,175.5831
-33.0053,175.5093
-33.5436,175.4121
-34.047,175.3181
-34.5163,175.2292
-34.874,175.162
-35.3535,175.0748
-35.5814,175.0309
-35.6822,175.0128
-35.7204,175.0054
-35.7841,174.9933
-35.8272,174.985
-35.885,174.9748
-35.9732,174.9744
-36.0765,174.9736
-36.1138,174.9729
-36.1799,174.9729
-36.2239,174.9726
-36.2752,174.9718
-36.3779,174.9714
31.2555,121.9392
31.2412,122.0241
31.2347,122.063
31.2286,122.0925
31.2114,122.1244
31.1903,122.1583
31.146,122.2302
31.1079,122.2955
31.0972,122.3461
31.095,122.3941
31.0923,122.4308
31.0908,122.4679
31.0891,122.5685
31.0877,122.6127
31.095,122.6606
31.0939,122.7446
31.0896,122.7899
31.086,122.8336
31.089,122.8797
31.0893,122.9205
31.0811,123.0019
31.0829,123.0836
31.0852,123.1278
31.0876,123.1654
31.0909,123.2101
31.0941,123.2504
31.0934,123.3206
31.0919,123.3511
31.0906,123.3929
31.0904,123.467
31.0941,123.5109
31.1093,123.5628
31.1216,123.6047
31.1372,123.6615
31.1593,123.7459
31.1868,123.8463
31.2327,124.0115
31.2435,124.0496
31.2712,124.1518
31.2861,124.2114
31.2995,124.2667
31.3233,124.3579
31.3441,124.4137
31.3643,124.47
31.381,124.5327
31.3933,124.5813
31.4177,124.6781
31.4391,124.7609
31.4607,124.833
31.4869,124.9189
32.0791,125.7297
32.1015,125.7563
32.1591,125.8312
32.1846,125.8657
32.2082,125.8977
32.2355,125.9345
32.2686,125.9758
32.3217,126.0398
32.3746,126.1019
32.3985,126.1342
32.4275,126.1728
32.461,126.2168
32.4754,126.2388
32.536,126.3081
32.5608,126.3382
32.5937,126.3778
32.6425,126.4426
32.6714,126.4796
32.6985,126.5138
32.7205,126.545
32.735,126.5952
32.7537,126.6791
32.7937,126.7558
32.8265,126.776
32.8616,126.7958
32.9158,126.8267
32.9368,126.8385
33.0104,126.9014
33.0358,126.9383
33.0662,126.9835
33.1102,127.0507
33.1387,127.0946
33.1654,127.1332
33.1878,127.1623
33.22,127.2038
33.2758,127.2576
33.341,127.3313
33.3615,127.3675
33.39,127.4158
33.4196,127.4527
33.4477,127.4848
33.5049,127.5518
33.5299,127.5823
33.5631,127.6241
33.6295,127.7096
33.6578,127.7477
33.6787,127.7877
33.6972,127.825
33.7289,127.8721
33.7875,127.9498
33.8472,128.018
33.8746,128.0493
33.9116,128.0918
33.9434,128.128
33.972,128.1598
34.0415,128.2394
34.068,128.2755
34.0991,128.3157
34.1578,128.3919
34.1903,128.434
34.218,128.4705
34.246,128.5076
34.2789,128.5507
34.3348,128.6209
34.3945,128.6959
34.4173,128.7251
34.4414,128.7631
34.4656,128.8092
34.4866,128.8309
34.5616,128.877
34.5845,128.8974
34.6251,128.931
34.6684,128.9774
34.7043,128.9591
34.7459,128.9411
34.7822,128.9252
34.82,128.9274
34.8905,128.8877
34.9624,128.8207
35.0392,128.7847
35.0592,128.7843
35.0703,128.8139
35.0688,128.817
35.0689,128.8169
35.0688,128.8171
35.0689,128.817
35.0689,128.817
35.0688,128.8171
35.0689,128.8169
35.0689,128.817
35.0689,128.817
35.0688,128.817
35.0688,128.8171
35.0689,128.817
35.0688,128.8171
35.0688,128.817
35.0689,128.817
35.0688,128.817
35.0689,128.8169
35.069,128.8168
35.0688,128.817
35.0689,128.817
35.0688,128.8171
35.0688,128.817
35.0688,128.817
35.0688,128.8169
35.0688,128.817
35.0689,128.817
35.0688,128.817
35.0689,128.8169
35.0688,128.817
35.0688,128.8169
35.0689,128.817
35.0687,128.8171
35.0687,128.8168
35.0689,128.8169
35.0688,128.8171
35.0689,128.817
35.0688,128.817
35.0689,128.8168
35.069,128.8169
35.0688,128.817
35.0688,128.8172
35.0688,128.817
35.0688,128.817
35.0688,128.817
35.0688,128.817
35.0689,128.8171
35.0689,128.8169
35.069,128.8169
35.0688,128.8172
35.0688,128.8171
35.0688,128.8171
35.0688,128.817
35.0688,128.8171
35.0689,128.8169
35.0688,128.817
35.0688,128.8171
35.0688,128.817
35.0689,128.8169
35.0692,128.8167
35.0708,128.8154
35.0708,128.8019
35.0456,128.783
35.0223,128.7865
34.96,128.8031
34.8839,128.8258
34.8434,128.8396
34.8031,128.851
34.7695,128.8596
34.7367,128.868
34.6548,128.8926
34.6203,128.9016
34.5814,128.9102
34.5023,128.927
34.4681,128.9348
34.4377,128.9418
34.4008,128.9538
34.3612,128.969
34.2906,128.9888
34.2303,129.0076
34.1933,129.02
34.1564,129.0256
34.1223,129.0303
34.0858,129.039
34.0136,129.0617
33.9709,129.0761
33.9338,129.0878
33.8625,129.1086
33.8198,129.1161
33.7881,129.1225
33.7459,129.1368
33.6255,129.1742
33.5527,129.1907
33.5086,129.2024
33.4608,129.2147
33.407,129.2297
33.3659,129.2408
33.2737,129.2642
33.2306,129.2753
33.1829,129.2887
33.1101,129.3347
33.0657,129.3626
33.0397,129.3791
32.9947,129.3994
32.9542,129.4068
32.8746,129.4188
32.7952,129.4314
32.6604,129.4365
32.6202,129.4465
32.5377,129.4656
32.4914,129.477
32.4461,129.4865
32.362,129.5046
32.3245,129.5117
32.2848,129.517
32.1874,129.5281
32.1059,129.5359
32.0252,129.5473
31.9883,129.5524
31.9394,129.5598
31.8855,129.5696
31.8432,129.5774
31.8213,129.5816
31.7098,129.602
31.6686,129.6091
31.5834,129.6373
31.5508,129.6745
31.5215,129.7086
31.4785,129.7609
31.4464,129.7973
31.3797,129.8672
31.3704,129.8772
31.3101,129.9387
31.2703,129.9797
31.2374,130.017
31.2124,130.0463
31.1809,130.0849
31.1214,130.1583
31.0906,130.1973
31.0646,130.2287
31.0025,130.3
30.9636,130.3429
30.94,130.3678
30.9032,130.4068
30.8706,130.4408
30.785,130.5109
30.7227,130.5509
30.6818,130.5779
30.6405,130.6054
30.5971,130.6334
30.5617,130.6559
30.4895,130.7011
30.4515,130.7243
30.401,130.7567
30.3283,130.8045
30.2892,130.8328
30.2542,130.8588
30.2143,130.8916
30.182,130.9245
30.1192,130.9885
30.0633,131.0493
30.0257,131.0896
29.9929,131.125
29.9579,131.163
29.927,131.1972
29.8686,131.2616
29.834,131.3
29.7957,131.3414
29.7405,131.4005
29.7121,131.431
29.6842,131.4606
29.65,131.4963
29.6174,131.53
29.5555,131.5952
29.4944,131.66
29.4582,131.6988
29.4244,131.736
29.3915,131.7724
29.3561,131.8103
29.3038,131.8679
29.2676,131.9091
29.236,131.9473
29.1719,132.0267
29.1488,132.055
29.1232,132.0861
29.0906,132.1248
29.0575,132.1596
28.999,132.2184
28.9393,132.2799
28.9048,132.316
28.8728,132.3489
28.8449,132.3765
28.815,132.4058
28.7477,132.4732
28.7134,132.5099
28.6815,132.5446
28.622,132.6089
28.5895,132.6418
28.5594,132.6723
28.5215,132.7105
28.4922,132.7396
28.4286,132.8068
28.3817,132.8585
28.3431,132.9006
28.308,132.9392
28.275,132.9771
28.2506,133.0029
28.1861,133.068
28.1555,133.098
28.0438,133.2165
27.9757,133.2883
27.9002,133.37
27.8256,133.4524
27.7474,133.5354
27.7057,133.5784
27.6451,133.6428
27.6083,133.6821
27.5009,133.7963
27.4231,133.8788
26.7601,134.5943
26.3881,134.9908
25.8938,135.4807
25.6013,135.7957
25.3168,136.0845
23.3377,138.1245
22.5339,138.9432
22.21,139.2773
21.9301,139.5791
21.3403,140.171
19.6533,141.8252
17.7437,143.7274
17.6801,143.784
17.3792,144.0424
17.1083,144.3596
15.4698,145.9582
15.1191,146.3119
14.7774,146.664
14.4344,147.0066
14.0979,147.3465
13.601,147.8564
13.3361,148.1074
13.1489,148.2825
12.8399,148.5995
12.5077,148.94
12.1955,149.2596
11.1994,150.2517
10.8323,150.6007
10.538,150.9114
10.1945,151.2452
9.8582,151.5786
9.379,152.0637
9.1086,152.3314
8.8222,152.6073
8.0869,153.2556
7.6951,153.5997
7.2867,153.9663
6.5093,154.6494
6.1458,154.9798
5.7608,155.3064
5.399,155.6349
4.8278,156.147
4.2418,156.6862
3.822,157.0544
3.4239,157.4037
3.0591,157.7212
2.6633,158.0471
2.2921,158.3816
1.9771,158.6673
1.6353,158.9686
1.576,159.0196
1.3098,159.2491
1.0203,159.5039
0.3265,160.0884
0.0023,160.3891
-0.2849,160.6455
-0.353,160.7057
-0.5451,160.8729
-0.6894,160.9996
-1.0141,161.2844
-1.3735,161.5837
-1.7221,161.87
-2.052,162.1484
-2.4455,162.5235
-2.785,162.827
-3.1135,163.1177
-3.4347,163.4
-3.7907,163.6965
-4.4405,164.2822
-4.6215,164.4433
-4.9014,164.6867
-5.1136,164.8716
-5.4244,165.1349
-5.7772,165.4624
-6.0743,165.7296
-6.4125,166.0375
-6.7984,166.3625
-7.1396,166.6514
-7.5019,166.9625
-7.8422,167.2684
-9.0438,168.34
-9.3554,168.6162
-9.6209,168.8475
-9.9587,169.1505
-10.3023,169.4376
-10.6529,169.7584
-10.9662,170.0691
-11.335,170.3885
-11.698,170.6939
-12.0247,170.993
-13.3862,172.3489
-13.7481,172.7108
-13.7502,172.713
-14.0126,172.9791
-14.0854,173.0508
-14.4369,173.4039
-14.7811,173.7532
-15.1247,174.0921
-15.4885,174.4594
-15.6926,174.6632
-15.8336,174.8107
-16.1676,175.1448
-17.8709,176.8768
-18.1408,177.1584
-18.2091,177.2391
-18.3181,177.474
-18.411,177.6659
-18.5033,178.1085
-18.2503,178.3565
-18.1338,178.4149
-18.1355,178.4158
-18.1334,178.4236
-18.1334,178.4237
-18.1334,178.4236
-18.1334,178.4237
-18.1334,178.4237
-18.1334,178.4237
-18.1334,178.4237
-18.353,178.4861
-18.7419,178.7299
-21.0532,178.3779
-21.6105,178.2529
-21.9539,178.1674
-22.3959,178.0827
-22.8565,177.9733
-23.287,177.8823
-23.7587,177.7749
-24.1989,177.6817
-24.5703,177.6003
-27.447,176.95
-27.5001,176.9381
-27.8367,176.8591
-27.965,176.8307
-28.4045,176.7275
-28.8241,176.631
-29.2919,176.521
-29.7878,176.4026
-30.5362,176.2227
-30.8976,176.1481
-33.4677,175.5228
-33.5688,175.4988
-33.8101,175.4401
-34.0187,175.3954
-34.1813,175.3601
-34.4473,175.2859
-34.8518,175.1926
-35.2964,175.0781
-36.225,174.9279
-36.3091,174.9809
-36.3248,174.9898
-36.336,174.9982
-36.3616,175.0177
-36.3864,175.0314
31.2555,121.9392
31.2412,122.0241
31.2347,122.063
31.2286,122.0925
31.2114,122.1244
31.1903,122.1583
31.146,122.2302
31.1079,122.2955
31.0972,122.3461
31.095,122.3941
31.0923,122.4308
31.0908,122.4679
31.0891,122.5685
31.0877,122.6127
31.095,122.6606
31.0939,122.7446
31.0896,122.7899
31.086,122.8336
31.089,122.8797
31.0893,122.9205
31.0811,123.0019
31.0829,123.0836
31.0852,123.1278
31.0876,123.1654
31.0909,123.2101
31.0941,123.2504
31.0934,123.3206
31.0919,123.3511
31.0906,123.3929
31.0904,123.467
31.0941,123.5109
31.1093,123.5628
31.1216,123.6047
31.1372,123.6615
31.1593,123.7459
31.1868,123.8463
31.2327,124.0115
31.2435,124.0496
31.2712,124.1518
31.2861,124.2114
31.2995,124.2667
31.3233,124.3579
31.3441,124.4137
31.3643,124.47
31.381,124.5327
31.3933,124.5813
31.4177,124.6781
31.4391,124.7609
31.4607,124.833
31.4869,124.9189
32.0791,125.7297
32.1015,125.7563
32.1591,125.8312
32.1846,125.8657
32.2082,125.8977
32.2355,125.9345
32.2686,125.9758
32.3217,126.0398
32.3746,126.1019
32.3985,126.1342
32.4275,126.1728
32.461,126.2168
32.4754,126.2388
32.536,126.3081
32.5608,126.3382
32.5937,126.3778
32.6425,126.4426
32.6714,126.4796
32.6985,126.5138
32.7205,126.545
32.735,126.5952
32.7537,126.6791
32.7937,126.7558
32.8265,126.776
32.8616,126.7958
32.9158,126.8267
32.9368,126.8385
33.0104,126.9014
33.0358,126.9383
33.0662,126.9835
33.1102,127.0507
33.1387,127.0946
33.1654,127.1332
33.1878,127.1623
33.22,127.2038
33.2758,127.2576
33.341,127.3313
33.3615,127.3675
33.39,127.4158
33.4196,127.4527
33.4477,127.4848
33.5049,127.5518
33.5299,127.5823
33.5631,127.6241
33.6295,127.7096
33.6578,127.7477
33.6787,127.7877
33.6972,127.825
33.7289,127.8721
33.7875,127.9498
33.8472,128.018
33.8746,128.0493
33.9116,128.0918
33.9434,128.128
33.972,128.1598
34.0415,128.2394
34.068,128.2755
34.0991,128.3157
34.1578,128.3919
34.1903,128.434
34.218,128.4705
34.246,128.5076
34.2789,128.5507
34.3348,128.6209
34.3945,128.6959
34.4173,128.7251
34.4414,128.7631
34.4656,128.8092
34.4866,128.8309
34.5616,128.877
34.5845,128.8974
34.6251,128.931
34.6684,128.9774
34.7043,128.9591
34.7459,128.9411
34.7822,128.9252
34.82,128.9274
34.8905,128.8877
34.9624,128.8207
35.0392,128.7847
35.0592,128.7843
35.0703,128.8139
35.0688,128.817
35.0689,128.8169
35.0688,128.8171
35.0689,128.817
35.0689,128.817
35.0688,128.8171
35.0689,128.8169
35.0689,128.817
35.0689,128.817
35.0688,128.817
35.0688,128.8171
35.0689,128.817
35.0688,128.8171
35.0688,128.817
35.0689,128.817
35.0688,128.817
35.0689,128.8169
35.069,128.8168
35.0688,128.817
35.0689,128.817
35.0688,128.8171
35.0688,128.817
35.0688,128.817
35.0688,128.8169
35.0688,128.817
35.0689,128.817
35.0688,128.817
35.0689,128.8169
35.0688,128.817
35.0688,128.8169
35.0689,128.817
35.0687,128.8171
35.0687,128.8168
35.0689,128.8169
35.0688,128.8171
35.0689,128.817
35.0688,128.817
35.0689,128.8168
35.069,128.8169
35.0688,128.817
35.0688,128.8172
35.0688,128.817
35.0688,128.817
35.0688,128.817
35.0688,128.817
35.0689,128.8171
35.0689,128.8169
35.069,128.8169
35.0688,128.8172
35.0688,128.8171
35.0688,128.8171
35.0688,128.817
35.0688,128.8171
35.0689,128.8169
35.0688,128.817
35.0688,128.8171
35.0688,128.817
35.0689,128.8169
35.0692,128.8167
35.0708,128.8154
35.0708,128.8019
35.0456,128.783
35.0223,128.7865
34.96,128.8031
34.8839,128.8258
34.8434,128.8396
34.8031,128.851
34.7695,128.8596
34.7367,128.868
34.6548,128.8926
34.6203,128.9016
34.5814,128.9102
34.5023,128.927
34.4681,128.9348
34.4377,128.9418
34.4008,128.9538
34.3612,128.969
34.2906,128.9888
34.2303,129.0076
34.1933,129.02
34.1564,129.0256
34.1223,129.0303
34.0858,129.039
34.0136,129.0617
33.9709,129.0761
33.9338,129.0878
33.8625,129.1086
33.8198,129.1161
33.7881,129.1225
33.7459,129.1368
33.6255,129.1742
33.5527,129.1907
33.5086,129.2024
33.4608,129.2147
33.407,129.2297
33.3659,129.2408
33.2737,129.2642
33.2306,129.2753
33.1829,129.2887
33.1101,129.3347
33.0657,129.3626
33.0397,129.3791
32.9947,129.3994
32.9542,129.4068
32.8746,129.4188
32.7952,129.4314
32.6604,129.4365
32.6202,129.4465
32.5377,129.4656
32.4914,129.477
32.4461,129.4865
32.362,129.5046
32.3245,129.5117
32.2848,129.517
32.1874,129.5281
32.1059,129.5359
32.0252,129.5473
31.9883,129.5524
31.9394,129.5598
31.8855,129.5696
31.8432,129.5774
31.8213,129.5816
31.7098,129.602
31.6686,129.6091
31.5834,129.6373
31.5508,129.6745
31.5215,129.7086
31.4785,129.7609
31.4464,129.7973
31.3797,129.8672
31.3704,129.8772
31.3101,129.9387
31.2703,129.9797
31.2374,130.017
31.2124,130.0463
31.1809,130.0849
31.1214,130.1583
31.0906,130.1973
31.0646,130.2287
31.0025,130.3
30.9636,130.3429
30.94,130.3678
30.9032,130.4068
30.8706,130.4408
30.785,130.5109
30.7227,130.5509
30.6818,130.5779
30.6405,130.6054
30.5971,130.6334
30.5617,130.6559
30.4895,130.7011
30.4515,130.7243
30.401,130.7567
30.3283,130.8045
30.2892,130.8328
30.2542,130.8588
30.2143,130.8916
30.182,130.9245
30.1192,130.9885
30.0633,131.0493
30.0257,131.0896
29.9929,131.125
29.9579,131.163
29.927,131.1972
29.8686,131.2616
29.834,131.3
29.7957,131.3414
29.7405,131.4005
29.7121,131.431
29.6842,131.4606
29.65,131.4963
29.6174,131.53
29.5555,131.5952
29.4944,131.66
29.4582,131.6988
29.4244,131.736
29.3915,131.7724
29.3561,131.8103
29.3038,131.8679
29.2676,131.9091
29.236,131.9473
29.1719,132.0267
29.1488,132.055
29.1232,132.0861
29.0906,132.1248
29.0575,132.1596
28.999,132.2184
28.9393,132.2799
28.9048,132.316
28.8728,132.3489
28.8449,132.3765
28.815,132.4058
28.7477,132.4732
28.7134,132.5099
28.6815,132.5446
28.622,132.6089
28.5895,132.6418
28.5594,132.6723
28.5215,132.7105
28.4922,132.7396
28.4286,132.8068
28.3817,132.8585
28.3431,132.9006
28.308,132.9392
28.275,132.9771
28.2506,133.0029
28.1861,133.068
28.1555,133.098
28.0438,133.2165
27.9757,133.2883
27.9002,133.37
27.8256,133.4524
27.7474,133.5354
27.7057,133.5784
27.6451,133.6428
27.6083,133.6821
27.5009,133.7963
27.4231,133.8788
26.7601,134.5943
26.3881,134.9908
25.8938,135.4807
25.6013,135.7957
25.3168,136.0845
23.3377,138.1245
22.5339,138.9432
22.21,139.2773
21.9301,139.5791
21.3403,140.171
19.6533,141.8252
17.7437,143.7274
17.6801,143.784
17.3792,144.0424
17.1083,144.3596
15.4698,145.9582
15.1191,146.3119
14.7774,146.664
14.4344,147.0066
14.0979,147.3465
13.601,147.8564
13.3361,148.1074
13.1489,148.2825
12.8399,148.5995
12.5077,148.94
12.1955,149.2596
11.1994,150.2517
10.8323,150.6007
10.538,150.9114
10.1945,151.2452
9.8582,151.5786
9.379,152.0637
9.1086,152.3314
8.8222,152.6073
8.0869,153.2556
7.6951,153.5997
7.2867,153.9663
6.5093,154.6494
6.1458,154.9798
5.7608,155.3064
5.399,155.6349
4.8278,156.147
4.2418,156.6862
3.822,157.0544
3.4239,157.4037
3.0591,157.7212
2.6633,158.0471
2.2921,158.3816
1.9771,158.6673
1.6353,158.9686
1.576,159.0196
1.3098,159.2491
1.0203,159.5039
0.3265,160.0884
0.0023,160.3891
-0.2849,160.6455
-0.353,160.7057
-0.5451,160.8729
-0.6894,160.9996
-1.0141,161.2844
-1.3735,161.5837
-1.7221,161.87
-2.052,162.1484
-2.4455,162.5235
-2.785,162.827
-3.1135,163.1177
-3.4347,163.4
-3.7907,163.6965
-4.4405,164.2822
-4.6215,164.4433
-4.9014,164.6867
-5.1136,164.8716
-5.4244,165.1349
-5.7772,165.4624
-6.0743,165.7296
-6.4125,166.0375
-6.7984,166.3625
-7.1396,166.6514
-7.5019,166.9625
-7.8422,167.2684
-9.0438,168.34
-9.3554,168.6162
-9.6209,168.8475
-9.9587,169.1505
-10.3023,169.4376
-10.6529,169.7584
-10.9662,170.0691
-11.335,170.3885
-11.698,170.6939
-12.0247,170.993
-13.3862,172.3489
-13.7481,172.7108
-13.7502,172.713
-14.0126,172.9791
-14.0854,173.0508
-14.4369,173.4039
-14.7811,173.7532
-15.1247,174.0921
-15.4885,174.4594
-15.6926,174.6632
-15.8336,174.8107
-16.1676,175.1448
-17.8709,176.8768
-18.1408,177.1584
-18.2091,177.2391
-18.3181,177.474
-18.411,177.6659
-18.5033,178.1085
-18.2503,178.3565
-18.1338,178.4149
-18.1355,178.4158
-18.1334,178.4236
-18.1334,178.4237
-18.1334,178.4236
-18.1334,178.4237
-18.1334,178.4237
-18.1334,178.4237
-18.1334,178.4237
-18.353,178.4861
-18.7419,178.7299
-21.0532,178.3779
-21.6105,178.2529
-21.9539,178.1674
-22.3959,178.0827
-22.8565,177.9733
-23.287,177.8823
-23.7587,177.7749
-24.1989,177.6817
-24.5703,177.6003
-27.447,176.95
-27.5001,176.9381
-27.8367,176.8591
-27.965,176.8307
-28.4045,176.7275
-28.8241,176.631
-29.2919,176.521
-29.7878,176.4026
-30.5362,176.2227
-30.8976,176.1481
-33.4677,175.5228
-33.5688,175.4988
-33.8101,175.4401
-34.0187,175.3954
-34.1813,175.3601
-34.4473,175.2859
-34.8518,175.1926
-35.2964,175.0781
-36.225,174.9279
-36.3091,174.9809
-36.3248,174.9898
-36.336,174.9982
-36.3616,175.0177
-36.3864,175.0314
31.2545,121.9465
31.2426,122.019
31.2353,122.0626
31.2207,122.1096
31.1569,122.2126
31.1011,122.3568
31.0947,122.4326
31.1032,122.4508
31.0853,122.7241
31.1301,122.8758
31.1914,123.0074
31.2551,123.1433
31.3058,123.2495
31.3637,123.3716
31.5146,123.6847
31.6241,123.9164
31.6692,124.0152
33.2367,127.843
33.2966,127.9247
33.3133,127.9402
33.3591,127.9802
33.4335,128.0423
33.4589,128.0623
33.5326,128.1167
33.5594,128.1357
33.6583,128.2114
33.7101,128.2534
33.7936,128.3241
33.8623,128.379
34.0517,128.5096
34.1162,128.5359
34.5006,128.6538
34.5897,128.7483
34.5909,128.7505
34.764,128.8562
34.975,128.8144
35.0696,128.8038
35.0681,128.8124
35.0681,128.8124
35.0679,128.8124
35.068,128.8124
35.0681,128.8125
35.0681,128.8126
35.0681,128.8125
35.0681,128.8125
35.0681,128.8124
35.0681,128.8125
35.0681,128.8125
35.0681,128.8125
35.0681,128.8125
35.0681,128.8124
35.0681,128.8125
35.0681,128.8124
35.0682,128.8125
35.068,128.8125
35.0681,128.8125
35.037,128.7826
34.8172,128.8657
34.7269,128.9042
34.3345,128.9618
34.0174,129.055
34.004,129.0602
33.0278,129.3884
33.0227,129.3906
32.945,129.4055
31.6011,129.6205
31.5987,129.6233
31.5973,129.625
31.2349,130.0309
31.0096,130.2813
31.0037,130.2878
29.8578,131.2708
29.8352,131.2951
29.7967,131.3377
29.3186,131.844
29.0378,132.1603
28.7765,132.4387
28.4509,132.7846
28.2764,132.9717
28.227,133.0244
28.2058,133.0469
28.1887,133.0652
27.1318,134.1799
26.4529,134.9051
25.8574,135.5233
25.5491,135.8467
24.3941,137.0418
22.9459,138.5281
22.6318,138.8437
22.2989,139.1865
21.9617,139.5245
21.6242,139.8674
21.3054,140.188
20.9864,140.5025
20.2231,141.2744
19.3776,142.1192
19.0561,142.4308
18.434,143.0557
18.0785,143.4138
17.8795,143.6027
17.7509,143.7346
17.4171,144.0574
16.749,144.716
16.0188,145.4269
15.7459,145.6929
15.1161,146.3216
14.8111,146.6284
14.487,146.9582
14.3418,147.3419
14.0734,149.0047
13.2648,149.8666
12.4895,150.3582
12.074,150.6136
11.6439,150.8778
11.2099,151.0289
9.3221,152.2612
8.2436,153.1347
8.0475,153.3088
7.8966,153.4407
7.2154,154.0402
6.5049,154.6702
6.151,154.9798
4.7861,156.1795
2.3688,158.3053
2.0241,158.6026
1.9203,158.7411
0.5989,159.8511
0.2416,160.1678
-0.132,160.4932
-0.1664,160.5238
-0.4852,160.8019
-0.8398,161.1125
-1.1757,161.407
-1.5274,161.7151
-1.8792,162.02
-2.256,162.3478
-2.5997,162.6523
-2.9697,162.9794
-3.288,163.2592
-3.6528,163.5788
-4.001,163.8913
-4.3446,164.1867
-4.6739,164.4745
-4.7179,164.5129
-4.952,164.7206
-5.0557,164.8111
-5.4065,165.1201
-5.7426,165.4156
-6.0764,165.7116
-6.4246,166.0216
-6.7846,166.3369
-6.8972,166.4362
-7.138,166.6445
-7.1796,166.681
-7.494,166.96
-7.8245,167.2522
-8.1596,167.5467
-8.4891,167.8333
-8.813,168.1293
-9.1163,168.3969
-9.3206,168.5768
-9.4585,168.6999
-9.576,168.8041
-9.7885,168.9937
-10.0947,169.2656
-11.4727,170.4931
-11.8266,170.8075
-12.1544,171.1201
-12.5087,171.4751
-12.8548,171.8173
-13.1898,172.1521
-13.4965,172.4582
-13.527,172.4894
-13.6369,172.6003
-13.8595,172.8228
-13.8961,172.8602
-14.1953,173.1596
-14.5129,173.4782
-15.8882,174.8664
-16.2445,175.2263
-16.5774,175.5646
-16.9001,175.8973
-17.2413,176.2376
-17.5488,176.5596
-17.8785,176.889
-17.9001,176.9106
-18.1992,177.222
-18.3873,177.6158
-18.1318,178.4243
-18.1319,178.4243
-18.1319,178.4244
-18.1319,178.4244
-18.2027,178.3813
-18.61,178.1362
-18.9888,177.9391
-19.3108,177.8461
-19.4074,177.8314
-19.8144,177.7645
-21.6911,177.465
-22.3767,177.3446
-22.749,177.2835
-23.1945,177.2046
-23.5792,177.1435
-23.9984,177.0736
-24.4381,177.0031
-24.6423,176.9686
-24.8576,176.9296
-24.996,176.9078
-27.3992,176.5007
-27.7864,176.4349
-28.1969,176.362
-28.6078,176.2898
-29.0593,176.2186
-29.4625,176.144
-29.8421,176.0754
-29.9781,176.0511
-30.2486,176.0038
-30.3512,175.983
-30.666,175.9285
-32.5938,175.5784
-33.0983,175.4925
-33.498,175.4184
-33.948,175.3352
-34.3209,175.2566
-34.7292,175.1895
-35.0942,175.1216
-35.6011,175.0287
-35.6683,175.0157
-35.7443,175.0003
-35.7823,174.9936
-35.8189,174.9868
-35.8932,174.9744
-35.9306,174.9753
-35.9651,174.9751
-36.008,174.9739
-36.0457,174.9736
-36.1137,174.9731
-36.1565,174.973
-36.2586,174.9721
-36.3023,174.972
-36.3504,174.9713
-36.4384,174.9709
31.2545,121.9465
31.2426,122.019
31.2353,122.0626
31.2207,122.1096
31.1569,122.2126
31.1011,122.3568
31.0947,122.4326
31.1032,122.4508
31.0853,122.7241
31.1301,122.8758
31.1914,123.0074
31.2551,123.1433
31.3058,123.2495
31.3637,123.3716
31.5146,123.6847
31.6241,123.9164
31.6692,124.0152
33.2367,127.843
33.2966,127.9247
33.3133,127.9402
33.3591,127.9802
33.4335,128.0423
33.4589,128.0623
33.5326,128.1167
33.5594,128.1357
33.6583,128.2114
33.7101,128.2534
33.7936,128.3241
33.8623,128.379
34.0517,128.5096
34.1162,128.5359
34.5006,128.6538
34.5897,128.7483
34.5909,128.7505
34.764,128.8562
34.975,128.8144
35.0696,128.8038
35.0681,128.8124
35.0681,128.8124
35.0679,128.8124
35.068,128.8124
35.0681,128.8125
35.0681,128.8126
35.0681,128.8125
35.0681,128.8125
35.0681,128.8124
35.0681,128.8125
35.0681,128.8125
35.0681,128.8125
35.0681,128.8125
35.0681,128.8124
35.0681,128.8125
35.0681,128.8124
35.0682,128.8125
35.068,128.8125
35.0681,128.8125
35.037,128.7826
34.8172,128.8657
34.7269,128.9042
34.3345,128.9618
34.0174,129.055
34.004,129.0602
33.0278,129.3884
33.0227,129.3906
32.945,129.4055
31.6011,129.6205
31.5987,129.6233
31.5973,129.625
31.2349,130.0309
31.0096,130.2813
31.0037,130.2878
29.8578,131.2708
29.8352,131.2951
29.7967,131.3377
29.3186,131.844
29.0378,132.1603
28.7765,132.4387
28.4509,132.7846
28.2764,132.9717
28.227,133.0244
28.2058,133.0469
28.1887,133.0652
27.1318,134.1799
26.4529,134.9051
25.8574,135.5233
25.5491,135.8467
24.3941,137.0418
22.9459,138.5281
22.6318,138.8437
22.2989,139.1865
21.9617,139.5245
21.6242,139.8674
21.3054,140.188
20.9864,140.5025
20.2231,141.2744
19.3776,142.1192
19.0561,142.4308
18.434,143.0557
18.0785,143.4138
17.8795,143.6027
17.7509,143.7346
17.4171,144.0574
16.749,144.716
16.0188,145.4269
15.7459,145.6929
15.1161,146.3216
14.8111,146.6284
14.487,146.9582
14.3418,147.3419
14.0734,149.0047
13.2648,149.8666
12.4895,150.3582
12.074,150.6136
11.6439,150.8778
11.2099,151.0289
9.3221,152.2612
8.2436,153.1347
8.0475,153.3088
7.8966,153.4407
7.2154,154.0402
6.5049,154.6702
6.151,154.9798
4.7861,156.1795
2.3688,158.3053
2.0241,158.6026
1.9203,158.7411
0.5989,159.8511
0.2416,160.1678
-0.132,160.4932
-0.1664,160.5238
-0.4852,160.8019
-0.8398,161.1125
-1.1757,161.407
-1.5274,161.7151
-1.8792,162.02
-2.256,162.3478
-2.5997,162.6523
-2.9697,162.9794
-3.288,163.2592
-3.6528,163.5788
-4.001,163.8913
-4.3446,164.1867
-4.6739,164.4745
-4.7179,164.5129
-4.952,164.7206
-5.0557,164.8111
-5.4065,165.1201
-5.7426,165.4156
-6.0764,165.7116
-6.4246,166.0216
-6.7846,166.3369
-6.8972,166.4362
-7.138,166.6445
-7.1796,166.681
-7.494,166.96
-7.8245,167.2522
-8.1596,167.5467
-8.4891,167.8333
-8.813,168.1293
-9.1163,168.3969
-9.3206,168.5768
-9.4585,168.6999
-9.576,168.8041
-9.7885,168.9937
-10.0947,169.2656
-11.4727,170.4931
-11.8266,170.8075
-12.1544,171.1201
-12.5087,171.4751
-12.8548,171.8173
-13.1898,172.1521
-13.4965,172.4582
-13.527,172.4894
-13.6369,172.6003
-13.8595,172.8228
-13.8961,172.8602
-14.1953,173.1596
-14.5129,173.4782
-15.8882,174.8664
-16.2445,175.2263
-16.5774,175.5646
-16.9001,175.8973
-17.2413,176.2376
-17.5488,176.5596
-17.8785,176.889
-17.9001,176.9106
-18.1992,177.222
-18.3873,177.6158
-18.1318,178.4243
-18.1319,178.4243
-18.1319,178.4244
-18.1319,178.4244
-18.2027,178.3813
-18.61,178.1362
-18.9888,177.9391
-19.3108,177.8461
-19.4074,177.8314
-19.8144,177.7645
-21.6911,177.465
-22.3767,177.3446
-22.749,177.2835
-23.1945,177.2046
-23.5792,177.1435
-23.9984,177.0736
-24.4381,177.0031
-24.6423,176.9686
-24.8576,176.9296
-24.996,176.9078
-27.3992,176.5007
-27.7864,176.4349
-28.1969,176.362
-28.6078,176.2898
-29.0593,176.2186
-29.4625,176.144
-29.8421,176.0754
-29.9781,176.0511
-30.2486,176.0038
-30.3512,175.983
-30.666,175.9285
-32.5938,175.5784
-33.0983,175.4925
-33.498,175.4184
-33.948,175.3352
-34.3209,175.2566
-34.7292,175.1895
-35.0942,175.1216
-35.6011,175.0287
-35.6683,175.0157
-35.7443,175.0003
-35.7823,174.9936
-35.8189,174.9868
-35.8932,174.9744
-35.9306,174.9753
-35.9651,174.9751
-36.008,174.9739
-36.0457,174.9736
-36.1137,174.9731
-36.1565,174.973
-36.2586,174.9721
-36.3023,174.972
-36.3504,174.9713
-36.4384,174.9709
31.2565,121.9321
31.2501,121.9692
31.2433,122.0132
31.2362,122.0571
31.2202,122.1105
31.2017,122.1391
31.1777,122.179
31.154,122.2179
31.1279,122.2612
31.1033,122.3046
31.1005,122.3457
31.1019,122.3906
31.1032,122.4354
31.097,122.4606
31.0924,122.5089
31.0896,122.5608
31.0889,122.6065
31.0906,122.6561
31.0975,122.7158
31.1075,122.7701
31.1045,122.8203
31.0914,122.8739
31.0907,122.9229
31.0628,122.9588
31.0455,123.0119
31.0455,123.0634
31.0499,123.1152
31.0544,123.1735
31.0725,123.2165
31.1017,123.2676
31.1224,123.3165
31.1239,123.3693
31.1243,123.4528
31.1236,123.4833
31.1222,123.5342
31.1333,123.5948
31.1448,123.6449
31.1565,123.6944
31.1605,123.7523
31.1696,123.8072
31.1829,123.8582
31.1972,123.91
31.2139,123.9624
31.229,124.01
31.2442,124.0593
31.2581,124.111
31.2729,124.1605
31.2872,124.2146
31.3006,124.2638
31.312,124.3142
31.3255,124.3683
31.3422,124.4222
31.3554,124.4659
31.3712,124.5212
31.3832,124.5684
31.4452,124.7761
31.4628,124.8332
31.4686,124.8812
31.4627,124.8979
31.4477,124.9409
31.5031,125.0084
31.54,125.0524
31.5606,125.0775
31.6151,125.1436
31.6426,125.1855
31.66,125.2192
31.7407,125.3205
31.9311,125.5451
31.9672,125.5933
32.0377,125.6952
32.0699,125.74
32.1091,125.7886
32.1183,125.8
32.2099,125.9288
32.2355,125.9577
32.2839,126.0125
32.3223,126.0563
32.3598,126.0991
32.3968,126.1413
32.4318,126.1848
32.4688,126.2314
32.4776,126.2424
32.5408,126.3225
32.5757,126.3673
32.6091,126.4097
32.6439,126.4536
32.6814,126.5012
32.7145,126.5434
32.7519,126.5899
32.7875,126.6342
32.8212,126.676
32.8605,126.724
32.8953,126.7663
32.9297,126.8086
32.9679,126.8551
33.0047,126.8997
33.0372,126.9338
33.0752,126.9726
33.1058,127.0102
33.1353,127.0487
33.1649,127.0908
33.1917,127.1341
33.2211,127.1744
33.2499,127.2181
33.2727,127.2631
33.3022,127.3035
33.3377,127.3423
33.37,127.3788
33.4012,127.4147
33.4366,127.4562
33.4661,127.494
33.4967,127.5336
33.5288,127.5757
33.5584,127.6145
33.5853,127.6495
33.6191,127.6941
33.6475,127.7312
33.6766,127.7698
33.7092,127.8139
33.741,127.8557
33.773,127.8976
33.8042,127.9387
33.8354,127.9798
33.8655,128.0191
33.8966,128.0595
33.9286,128.1013
33.9563,128.1375
33.9873,128.1786
34.0125,128.2226
34.0319,128.2585
34.0639,128.3097
34.094,128.3497
34.1222,128.3877
34.1518,128.4286
34.1837,128.4654
34.2077,128.5042
34.2341,128.5515
34.266,128.5854
34.2982,128.6162
34.333,128.6492
34.3667,128.6818
34.4,128.7136
34.4338,128.7455
34.47,128.779
34.5007,128.8056
34.5372,128.8292
34.577,128.8546
34.6142,128.8773
34.6572,128.8988
34.6916,128.9075
34.7305,128.9151
34.7721,128.9093
34.8128,128.8934
34.8517,128.884
34.8909,128.8735
34.9248,128.8503
34.9561,128.8277
34.9822,128.8126
35.013,128.7976
35.0448,128.7844
35.0644,128.7896
35.069,128.8073
35.0679,128.8108
35.0678,128.8108
35.0678,128.8107
35.0678,128.8107
35.0677,128.8109
35.0676,128.8109
35.0677,128.811
35.0679,128.8108
35.0678,128.8108
35.0679,128.8107
35.0679,128.8107
35.0677,128.8106
35.0676,128.8106
35.0676,128.8106
35.0677,128.8108
35.0677,128.8108
35.0678,128.8109
35.0678,128.8109
35.0677,128.8107
35.0677,128.8107
35.068,128.8107
35.068,128.8107
35.0677,128.8107
35.0677,128.8107
35.0678,128.8107
35.0678,128.8107
35.0677,128.8108
35.0677,128.8108
35.0679,128.8107
35.0679,128.8107
35.0678,128.8106
35.0678,128.8106
35.068,128.8105
35.068,128.8105
35.0677,128.8108
35.0677,128.8108
35.0678,128.8107
35.0678,128.8107
35.0679,128.8105
35.0679,128.8105
35.0679,128.8107
35.0679,128.8107
35.0679,128.8107
35.0679,128.8107
35.0678,128.8107
35.0678,128.8107
35.0678,128.8107
35.0678,128.8107
35.068,128.8109
35.068,128.8109
35.0679,128.8107
35.0679,128.8107
35.0678,128.8108
35.0678,128.8108
35.0678,128.8108
35.0678,128.8108
35.0677,128.8111
35.0677,128.8111
35.0677,128.8108
35.0677,128.8108
35.0678,128.8108
35.0678,128.8108
35.0677,128.8109
35.0677,128.8109
35.0677,128.8108
35.0677,128.8108
35.0678,128.8108
35.0678,128.8108
35.0706,128.8134
35.0706,128.8134
35.0673,128.7926
35.0673,128.7926
35.0435,128.7807
35.0435,128.7807
35.0189,128.7852
35.0189,128.7852
34.9922,128.7942
34.9922,128.7942
34.9559,128.811
34.9559,128.811
34.9176,128.8309
34.9176,128.8309
34.8798,128.8503
34.8798,128.8503
34.8367,128.8702
34.8367,128.8702
34.7599,128.9118
34.7599,128.9118
34.6736,128.9463
34.6736,128.9463
34.6362,128.938
34.6362,128.938
34.5999,128.9145
34.5999,128.9145
34.5554,128.8907
34.5554,128.8907
34.5128,128.8699
34.5128,128.8699
34.4784,128.8531
34.4784,128.8531
34.4325,128.8326
34.4325,128.8326
34.3957,128.8162
34.3957,128.8162
34.3541,128.7968
34.3541,128.7968
34.3161,128.7775
34.3161,128.7775
34.2735,128.7534
34.2735,128.7534
34.2395,128.736
34.2395,128.736
34.2003,128.7157
34.2003,128.7157
34.1657,128.6986
34.1657,128.6986
34.1203,128.6767
34.1203,128.6767
34.07,128.6519
34.07,128.6519
34.0498,128.6421
34.0498,128.6421
34.0026,128.6183
34.0026,128.6183
33.9698,128.6014
33.9698,128.6014
33.9372,128.5846
33.9372,128.5846
33.8991,128.5645
33.8991,128.5645
33.8613,128.5424
33.8613,128.5424
33.8252,128.5207
33.8252,128.5207
33.7881,128.499
33.7881,128.499
33.7521,128.4783
33.7521,128.4783
33.719,128.459
33.719,128.459
33.6807,128.4375
33.6807,128.4375
33.645,128.4182
33.645,128.4182
33.6117,128.4017
33.6117,128.4017
33.5346,128.364
33.5346,128.364
33.5017,128.3479
33.5017,128.3479
33.4462,128.3201
33.4462,128.3201
33.4268,128.3102
33.4268,128.3102
33.3996,128.2965
33.3996,128.2965
33.3557,128.2758
33.3557,128.2758
33.3141,128.2535
33.3141,128.2535
33.2835,128.2373
33.2835,128.2373
33.2398,128.214
33.2398,128.214
33.2023,128.1947
33.2023,128.1947
33.1874,128.1861
33.1874,128.1861
33.1578,128.1664
33.1578,128.1664
33.1077,128.129
33.1077,128.129
33.0841,128.1096
33.0841,128.1096
30.5565,128.318
30.4387,128.4336
30.4035,128.4687
30.3804,128.4919
30.3474,128.5245
30.3181,128.5536
30.2835,128.5843
30.2404,128.626
30.199,128.6656
30.1675,128.6953
30.1245,128.7388
30.0791,128.7868
30.0566,128.8097
30.018,128.8503
29.985,128.8778
29.9539,128.908
29.9276,128.9338
29.8939,128.967
29.8561,129.0031
29.8248,129.0332
29.7882,129.0675
29.7553,129.0974
29.7253,129.1245
29.6871,129.1591
29.6542,129.1889
29.6168,129.2234
29.575,129.2612
29.542,129.2896
29.5113,129.3172
29.4781,129.3495
29.4479,129.3805
29.4121,129.4176
29.3782,129.4534
29.3493,129.4838
29.3183,129.517
29.2903,129.5498
29.2601,129.5848
29.2285,129.6231
29.2002,129.6584
29.1741,129.6898
29.1432,129.7273
29.1152,129.7625
29.0887,129.7958
29.0574,129.8346
29.0264,129.8705
29.0017,129.901
28.9692,129.9439
28.9455,129.9735
28.9187,130.0067
28.8884,130.0449
28.8578,130.0823
28.8331,130.1118
28.8007,130.1523
28.7722,130.1885
28.7471,130.22
28.716,130.2576
28.688,130.2904
28.6583,130.3237
28.6296,130.3551
28.5993,130.3874
28.5708,130.4172
28.3868,130.6657
28.3609,130.6983
28.3346,130.7294
28.306,130.7623
28.2766,130.7952
28.2505,130.8258
28.2212,130.8631
28.1952,130.8978
28.1725,130.9277
28.1464,130.9616
28.1168,130.9999
28.093,131.0312
28.0678,131.0642
28.0366,131.0998
28.0113,131.1285
27.9802,131.1635
27.9562,131.19
27.9243,131.2251
27.895,131.2596
27.8695,131.2892
27.8418,131.3212
27.8158,131.356
27.7918,131.3876
27.765,131.4189
27.7339,131.4557
27.7072,131.4871
27.6865,131.511
27.6559,131.5468
27.6335,131.5728
27.6036,131.6079
27.5682,131.6494
27.5403,131.683
27.5197,131.7083
27.4893,131.7459
27.4626,131.7785
27.4379,131.8091
27.404,131.8507
27.3945,131.8623
27.3595,131.9055
27.33,131.9426
27.319,131.9561
27.2828,132.0011
27.0878,132.2309
26.8526,132.521
26.7002,132.712
26.6976,132.7152
26.649,132.7768
26.616,132.8188
26.5781,132.8667
26.5562,132.8944
26.4726,133.0006
26.3765,133.1014
26.3512,133.1311
26.3404,133.144
26.1808,133.333
25.9864,133.5518
25.9753,133.5645
25.9289,133.6176
25.8572,133.7033
25.8285,133.7364
25.7989,133.7706
25.7667,133.8063
25.7355,133.8402
25.7043,133.875
25.6758,133.9074
25.6446,133.9446
25.6158,133.9808
25.59,134.0131
25.5604,134.0498
25.533,134.0839
25.5016,134.1232
25.4727,134.16
25.446,134.1937
25.4147,134.2328
25.3832,134.2718
25.3602,134.2996
25.3299,134.3369
25.2997,134.3736
25.2759,134.403
25.2444,134.4433
25.2153,134.4798
25.1915,134.5087
25.1535,134.5558
25.1225,134.5934
25.1007,134.619
25.0698,134.6557
25.0417,134.6895
25.0156,134.7194
24.9846,134.7553
24.9538,134.7907
24.9287,134.8193
24.8925,134.8598
24.867,134.888
24.8384,134.9195
24.8054,134.9555
24.7749,134.9884
24.7445,135.0217
24.7152,135.0564
24.6853,135.0908
24.6578,135.1222
24.6262,135.1586
24.6005,135.1887
24.5708,135.2246
24.5411,135.2601
24.5336,135.269
24.4855,135.3272
24.4771,135.3373
24.2581,135.6071
23.9413,135.9851
22.3657,137.8299
22.0008,138.2521
21.6728,138.6164
21.3838,138.9788
20.6205,139.8429
20.3714,140.1144
20.1643,140.3525
19.5921,141.0221
18.4928,142.2538
18.0766,142.7384
17.8085,143.0453
17.5252,143.4025
17.246,143.7386
16.9869,144.0728
16.711,144.4147
16.4764,144.6969
16.4643,144.7124
16.1996,145.0496
15.9365,145.3787
14.6189,146.8288
14.3699,147.0707
14.0527,147.3997
13.3815,148.0744
13.0717,148.3895
12.7785,148.6774
12.7455,148.7104
12.492,148.961
12.4119,149.0388
11.742,149.7104
10.7743,150.6719
10.4571,151.0019
10.4256,151.0333
10.1508,151.3482
9.8028,151.6449
9.5097,151.9438
9.1957,152.2533
8.8944,152.5525
8.674,152.7485
8.3957,152.9981
8.2201,153.1546
7.9126,153.4236
7.5744,153.7283
7.2309,154.0306
6.8648,154.3575
6.4859,154.6837
6.1083,155.0178
5.7537,155.3399
5.3892,155.6552
5.0685,155.949
4.6935,156.2753
4.1518,156.735
3.8593,156.9957
3.597,157.2232
3.2573,157.518
2.9046,157.831
2.5698,158.1254
2.2224,158.4328
1.8408,158.7573
1.4737,159.087
1.1464,159.3811
0.7926,159.6857
0.4104,160.012
0.0535,160.3314
-0.2989,160.6369
-0.6712,160.9656
-0.9939,161.246
-1.0226,161.2716
-1.3752,161.5811
-1.7308,161.8842
-2.0696,162.1783
-2.4253,162.5042
-2.7977,162.8215
-3.1658,163.1577
-3.5234,163.4607
-3.8885,163.774
-4.2154,164.0648
-4.5761,164.3889
-4.9287,164.6962
-5.2446,164.9807
-5.2984,165.0285
-5.5481,165.2422
-5.6196,165.306
-6.0091,165.6523
-6.3668,165.9545
-6.7198,166.2751
-7.0754,166.594
-7.4065,166.8859
-7.6951,167.1476
-8.0697,167.4634
-8.3808,167.731
-9.0461,168.319
-9.3687,168.6206
-9.5669,168.8013
-9.6833,168.8994
-9.8442,169.0434
-10.0054,169.1906
-10.334,169.4687
-10.6632,169.7611
-10.996,170.0567
-11.3362,170.3744
-11.6696,170.6698
-11.9985,170.9657
-11.9989,170.966
-12.3199,171.2758
-13.7569,172.7212
-14.0148,172.9767
-14.2447,173.2128
-14.5682,173.5259
-14.8787,173.8454
-15.197,174.1681
-15.4886,174.4658
-15.5204,174.4976
-15.8319,174.8061
-16.1313,175.1157
-17.7874,176.7974
-18.1497,177.1613
-18.3202,177.48
-18.3315,177.5062
-18.5305,177.9024
-18.3803,178.2671
-18.1346,178.4196
-18.1347,178.4232
-18.1347,178.4232
-18.1348,178.4232
-18.1348,178.4232
-18.1348,178.4232
-18.1335,178.4226
-18.1591,178.3907
-18.5529,178.6093
-20.3059,178.4912
-20.5518,178.453
-20.9295,178.3924
-23.0173,177.9344
-23.326,177.867
-23.4744,177.8366
-23.7213,177.7858
-23.913,177.7382
-24.3487,177.6531
-24.7901,177.544
-25.2171,177.4449
-25.6488,177.3549
-26.0533,177.2633
-26.1699,177.2411
-26.5095,177.1587
-28.4669,176.7125
-29.0286,176.5802
-29.287,176.5216
-29.3388,176.5102
-29.6826,176.4263
-30.0633,176.3438
-30.4999,176.2438
-30.8886,176.1466
-31.3891,176.0267
-32.07,175.8631
-34.0256,175.3884
-34.0728,175.3781
-34.4202,175.2975
-34.7341,175.194
-35.0668,175.1217
-35.3676,175.0574
-35.6384,174.9915
-35.6706,174.9839
-35.7029,174.9759
-35.7332,174.9677
-35.7627,174.9599
-35.8028,174.9497
-35.8968,174.9294
-35.9274,174.9204
-35.9614,174.9105
-35.991,174.9022
-36.0255,174.8958
-36.0565,174.8918
-36.0908,174.89
-36.1259,174.8906
-36.1554,174.8981
-36.189,174.9102
-36.2136,174.9177
-36.2502,174.9288
-36.2835,174.9389
-36.3126,174.9475
-36.3472,174.9578
-36.3767,174.9664
-36.3767,174.9664
31.2565,121.9321
31.2501,121.9692
31.2433,122.0132
31.2362,122.0571
31.2202,122.1105
31.2017,122.1391
31.1777,122.179
31.154,122.2179
31.1279,122.2612
31.1033,122.3046
31.1005,122.3457
31.1019,122.3906
31.1032,122.4354
31.097,122.4606
31.0924,122.5089
31.0896,122.5608
31.0889,122.6065
31.0906,122.6561
31.0975,122.7158
31.1075,122.7701
31.1045,122.8203
31.0914,122.8739
31.0907,122.9229
31.0628,122.9588
31.0455,123.0119
31.0455,123.0634
31.0499,123.1152
31.0544,123.1735
31.0725,123.2165
31.1017,123.2676
31.1224,123.3165
31.1239,123.3693
31.1243,123.4528
31.1236,123.4833
31.1222,123.5342
31.1333,123.5948
31.1448,123.6449
31.1565,123.6944
31.1605,123.7523
31.1696,123.8072
31.1829,123.8582
31.1972,123.91
31.2139,123.9624
31.229,124.01
31.2442,124.0593
31.2581,124.111
31.2729,124.1605
31.2872,124.2146
31.3006,124.2638
31.312,124.3142
31.3255,124.3683
31.3422,124.4222
31.3554,124.4659
31.3712,124.5212
31.3832,124.5684
31.4452,124.7761
31.4628,124.8332
31.4686,124.8812
31.4627,124.8979
31.4477,124.9409
31.5031,125.0084
31.54,125.0524
31.5606,125.0775
31.6151,125.1436
31.6426,125.1855
31.66,125.2192
31.7407,125.3205
31.9311,125.5451
31.9672,125.5933
32.0377,125.6952
32.0699,125.74
32.1091,125.7886
32.1183,125.8
32.2099,125.9288
32.2355,125.9577
32.2839,126.0125
32.3223,126.0563
32.3598,126.0991
32.3968,126.1413
32.4318,126.1848
32.4688,126.2314
32.4776,126.2424
32.5408,126.3225
32.5757,126.3673
32.6091,126.4097
32.6439,126.4536
32.6814,126.5012
32.7145,126.5434
32.7519,126.5899
32.7875,126.6342
32.8212,126.676
32.8605,126.724
32.8953,126.7663
32.9297,126.8086
32.9679,126.8551
33.0047,126.8997
33.0372,126.9338
33.0752,126.9726
33.1058,127.0102
33.1353,127.0487
33.1649,127.0908
33.1917,127.1341
33.2211,127.1744
33.2499,127.2181
33.2727,127.2631
33.3022,127.3035
33.3377,127.3423
33.37,127.3788
33.4012,127.4147
33.4366,127.4562
33.4661,127.494
33.4967,127.5336
33.5288,127.5757
33.5584,127.6145
33.5853,127.6495
33.6191,127.6941
33.6475,127.7312
33.6766,127.7698
33.7092,127.8139
33.741,127.8557
33.773,127.8976
33.8042,127.9387
33.8354,127.9798
33.8655,128.0191
33.8966,128.0595
33.9286,128.1013
33.9563,128.1375
33.9873,128.1786
34.0125,128.2226
34.0319,128.2585
34.0639,128.3097
34.094,128.3497
34.1222,128.3877
34.1518,128.4286
34.1837,128.4654
34.2077,128.5042
34.2341,128.5515
34.266,128.5854
34.2982,128.6162
34.333,128.6492
34.3667,128.6818
34.4,128.7136
34.4338,128.7455
34.47,128.779
34.5007,128.8056
34.5372,128.8292
34.577,128.8546
34.6142,128.8773
34.6572,128.8988
34.6916,128.9075
34.7305,128.9151
34.7721,128.9093
34.8128,128.8934
34.8517,128.884
34.8909,128.8735
34.9248,128.8503
34.9561,128.8277
34.9822,128.8126
35.013,128.7976
35.0448,128.7844
35.0644,128.7896
35.069,128.8073
35.0679,128.8108
35.0678,128.8108
35.0678,128.8107
35.0678,128.8107
35.0677,128.8109
35.0676,128.8109
35.0677,128.811
35.0679,128.8108
35.0678,128.8108
35.0679,128.8107
35.0679,128.8107
35.0677,128.8106
35.0676,128.8106
35.0677,128.8108
35.0678,128.8109
35.0677,128.8107
35.068,128.8107
35.0677,128.8107
35.0678,128.8107
35.0677,128.8108
35.0679,128.8107
35.0678,128.8106
35.068,128.8105
35.0677,128.8108
35.0678,128.8107
35.0679,128.8105
35.0679,128.8107
35.0679,128.8107
35.0678,128.8107
35.0678,128.8107
35.068,128.8109
35.0679,128.8107
35.0678,128.8108
35.0678,128.8108
35.0677,128.8111
35.0677,128.8108
35.0678,128.8108
35.0677,128.8109
35.0677,128.8108
35.0678,128.8108
35.0706,128.8134
35.0673,128.7926
35.0435,128.7807
35.0189,128.7852
34.9922,128.7942
34.9559,128.811
34.9176,128.8309
34.8798,128.8503
34.8367,128.8702
34.7599,128.9118
34.6736,128.9463
34.6362,128.938
34.5999,128.9145
34.5554,128.8907
34.5128,128.8699
34.4784,128.8531
34.4325,128.8326
34.3957,128.8162
34.3541,128.7968
34.3161,128.7775
34.2735,128.7534
34.2395,128.736
34.2003,128.7157
34.1657,128.6986
34.1203,128.6767
34.07,128.6519
34.0498,128.6421
34.0026,128.6183
33.9698,128.6014
33.9372,128.5846
33.8991,128.5645
33.8613,128.5424
33.8252,128.5207
33.7881,128.499
33.7521,128.4783
33.719,128.459
33.6807,128.4375
33.645,128.4182
33.6117,128.4017
33.5346,128.364
33.5017,128.3479
33.4462,128.3201
33.4268,128.3102
33.3996,128.2965
33.3557,128.2758
33.3141,128.2535
33.2835,128.2373
33.2398,128.214
33.2023,128.1947
33.1874,128.1861
33.1578,128.1664
33.1077,128.129
33.0841,128.1096
30.5565,128.318
30.4387,128.4336
30.4035,128.4687
30.3804,128.4919
30.3474,128.5245
30.3181,128.5536
30.2835,128.5843
30.2404,128.626
30.199,128.6656
30.1675,128.6953
30.1245,128.7388
30.0791,128.7868
30.0566,128.8097
30.018,128.8503
29.985,128.8778
29.9539,128.908
29.9276,128.9338
29.8939,128.967
29.8561,129.0031
29.8248,129.0332
29.7882,129.0675
29.7553,129.0974
29.7253,129.1245
29.6871,129.1591
29.6542,129.1889
29.6168,129.2234
29.575,129.2612
29.542,129.2896
29.5113,129.3172
29.4781,129.3495
29.4479,129.3805
29.4121,129.4176
29.3782,129.4534
29.3493,129.4838
29.3183,129.517
29.2903,129.5498
29.2601,129.5848
29.2285,129.6231
29.2002,129.6584
29.1741,129.6898
29.1432,129.7273
29.1152,129.7625
29.0887,129.7958
29.0574,129.8346
29.0264,129.8705
29.0017,129.901
28.9692,129.9439
28.9455,129.9735
28.9187,130.0067
28.8884,130.0449
28.8578,130.0823
28.8331,130.1118
28.8007,130.1523
28.7722,130.1885
28.7471,130.22
28.716,130.2576
28.688,130.2904
28.6583,130.3237
28.6296,130.3551
28.5993,130.3874
28.5708,130.4172
28.3868,130.6657
28.3609,130.6983
28.3346,130.7294
28.306,130.7623
28.2766,130.7952
28.2505,130.8258
28.2212,130.8631
28.1952,130.8978
28.1725,130.9277
28.1464,130.9616
28.1168,130.9999
28.093,131.0312
28.0678,131.0642
28.0366,131.0998
28.0113,131.1285
27.9802,131.1635
27.9562,131.19
27.9243,131.2251
27.895,131.2596
27.8695,131.2892
27.8418,131.3212
27.8158,131.356
27.7918,131.3876
27.765,131.4189
27.7339,131.4557
27.7072,131.4871
27.6865,131.511
27.6559,131.5468
27.6335,131.5728
27.6036,131.6079
27.5682,131.6494
27.5403,131.683
27.5197,131.7083
27.4893,131.7459
27.4626,131.7785
27.4379,131.8091
27.404,131.8507
27.3945,131.8623
27.3595,131.9055
27.33,131.9426
27.319,131.9561
27.2828,132.0011
27.0878,132.2309
26.8526,132.521
26.7002,132.712
26.6976,132.7152
26.649,132.7768
26.616,132.8188
26.5781,132.8667
26.5562,132.8944
26.4726,133.0006
26.3765,133.1014
26.3512,133.1311
26.3404,133.144
26.1808,133.333
25.9864,133.5518
25.9753,133.5645
25.9289,133.6176
25.8572,133.7033
25.8285,133.7364
25.7989,133.7706
25.7667,133.8063
25.7355,133.8402
25.7043,133.875
25.6758,133.9074
25.6446,133.9446
25.6158,133.9808
25.59,134.0131
25.5604,134.0498
25.533,134.0839
25.5016,134.1232
25.4727,134.16
25.446,134.1937
25.4147,134.2328
25.3832,134.2718
25.3602,134.2996
25.3299,134.3369
25.2997,134.3736
25.2759,134.403
25.2444,134.4433
25.2153,134.4798
25.1915,134.5087
25.1535,134.5558
25.1225,134.5934
25.1007,134.619
25.0698,134.6557
25.0417,134.6895
25.0156,134.7194
24.9846,134.7553
24.9538,134.7907
24.9287,134.8193
24.8925,134.8598
24.867,134.888
24.8384,134.9195
24.8054,134.9555
24.7749,134.9884
24.7445,135.0217
24.7152,135.0564
24.6853,135.0908
24.6578,135.1222
24.6262,135.1586
24.6005,135.1887
24.5708,135.2246
24.5411,135.2601
24.5336,135.269
24.4855,135.3272
24.4771,135.3373
24.2581,135.6071
23.9413,135.9851
22.3657,137.8299
22.0008,138.2521
21.6728,138.6164
21.3838,138.9788
20.6205,139.8429
20.3714,140.1144
20.1643,140.3525
19.5921,141.0221
18.4928,142.2538
18.0766,142.7384
17.8085,143.0453
17.5252,143.4025
17.246,143.7386
16.9869,144.0728
16.711,144.4147
16.4764,144.6969
16.4643,144.7124
16.1996,145.0496
15.9365,145.3787
14.6189,146.8288
14.3699,147.0707
14.0527,147.3997
13.3815,148.0744
13.0717,148.3895
12.7785,148.6774
12.7455,148.7104
12.492,148.961
12.4119,149.0388
11.742,149.7104
10.7743,150.6719
10.4571,151.0019
10.4256,151.0333
10.1508,151.3482
9.8028,151.6449
9.5097,151.9438
9.1957,152.2533
8.8944,152.5525
8.674,152.7485
8.3957,152.9981
8.2201,153.1546
7.9126,153.4236
7.5744,153.7283
7.2309,154.0306
6.8648,154.3575
6.4859,154.6837
6.1083,155.0178
5.7537,155.3399
5.3892,155.6552
5.0685,155.949
4.6935,156.2753
4.1518,156.735
3.8593,156.9957
3.597,157.2232
3.2573,157.518
2.9046,157.831
2.5698,158.1254
2.2224,158.4328
1.8408,158.7573
1.4737,159.087
1.1464,159.3811
0.7926,159.6857
0.4104,160.012
0.0535,160.3314
-0.2989,160.6369
-0.6712,160.9656
-0.9939,161.246
-1.0226,161.2716
-1.3752,161.5811
-1.7308,161.8842
-2.0696,162.1783
-2.4253,162.5042
-2.7977,162.8215
-3.1658,163.1577
-3.5234,163.4607
-3.8885,163.774
-4.2154,164.0648
-4.5761,164.3889
-4.9287,164.6962
-5.2446,164.9807
-5.2984,165.0285
-5.5481,165.2422
-5.6196,165.306
-6.0091,165.6523
-6.3668,165.9545
-6.7198,166.2751
-7.0754,166.594
-7.4065,166.8859
-7.6951,167.1476
-8.0697,167.4634
-8.3808,167.731
-9.0461,168.319
-9.3687,168.6206
-9.5669,168.8013
-9.6833,168.8994
-9.8442,169.0434
-10.0054,169.1906
-10.334,169.4687
-10.6632,169.7611
-10.996,170.0567
-11.3362,170.3744
-11.6696,170.6698
-11.9985,170.9657
-11.9989,170.966
-12.3199,171.2758
-13.7569,172.7212
-14.0148,172.9767
-14.2447,173.2128
-14.5682,173.5259
-14.8787,173.8454
-15.197,174.1681
-15.4886,174.4658
-15.5204,174.4976
-15.8319,174.8061
-16.1313,175.1157
-17.7874,176.7974
-18.1497,177.1613
-18.3202,177.48
-18.3315,177.5062
-18.5305,177.9024
-18.3803,178.2671
-18.1346,178.4196
-18.1347,178.4232
-18.1347,178.4232
-18.1348,178.4232
-18.1348,178.4232
-18.1348,178.4232
-18.1335,178.4226
-18.1591,178.3907
-18.5529,178.6093
-20.3059,178.4912
-20.5518,178.453
-20.9295,178.3924
-23.0173,177.9344
-23.326,177.867
-23.4744,177.8366
-23.7213,177.7858
-23.913,177.7382
-24.3487,177.6531
-24.7901,177.544
-25.2171,177.4449
-25.6488,177.3549
-26.0533,177.2633
-26.1699,177.2411
-26.5095,177.1587
-28.4669,176.7125
-29.0286,176.5802
-29.287,176.5216
-29.3388,176.5102
-29.6826,176.4263
-30.0633,176.3438
-30.4999,176.2438
-30.8886,176.1466
-31.3891,176.0267
-32.07,175.8631
-34.0256,175.3884
-34.0728,175.3781
-34.4202,175.2975
-34.7341,175.194
-35.0668,175.1217
-35.3676,175.0574
-35.6384,174.9915
-35.6706,174.9839
-35.7029,174.9759
-35.7332,174.9677
-35.7627,174.9599
-35.8028,174.9497
-35.8968,174.9294
-35.9274,174.9204
-35.9614,174.9105
-35.991,174.9022
-36.0255,174.8958
-36.0565,174.8918
-36.0908,174.89
-36.1259,174.8906
-36.1554,174.8981
-36.189,174.9102
-36.2136,174.9177
-36.2502,174.9288
-36.2835,174.9389
-36.3126,174.9475
-36.3472,174.9578
-36.3767,174.9664
31.2565,121.9321
31.2501,121.9692
31.2433,122.0132
31.2362,122.0571
31.2202,122.1105
31.2017,122.1391
31.1777,122.179
31.154,122.2179
31.1279,122.2612
31.1033,122.3046
31.1005,122.3457
31.1019,122.3906
31.1032,122.4354
31.097,122.4606
31.0924,122.5089
31.0896,122.5608
31.0889,122.6065
31.0906,122.6561
31.0975,122.7158
31.1075,122.7701
31.1045,122.8203
31.0914,122.8739
31.0907,122.9229
31.0628,122.9588
31.0455,123.0119
31.0455,123.0634
31.0499,123.1152
31.0544,123.1735
31.0725,123.2165
31.1017,123.2676
31.1224,123.3165
31.1239,123.3693
31.1243,123.4528
31.1236,123.4833
31.1222,123.5342
31.1333,123.5948
31.1448,123.6449
31.1565,123.6944
31.1605,123.7523
31.1696,123.8072
31.1829,123.8582
31.1972,123.91
31.2139,123.9624
31.229,124.01
31.2442,124.0593
31.2581,124.111
31.2729,124.1605
31.2872,124.2146
31.3006,124.2638
31.312,124.3142
31.3255,124.3683
31.3422,124.4222
31.3554,124.4659
31.3712,124.5212
31.3832,124.5684
31.4452,124.7761
31.4628,124.8332
31.4686,124.8812
31.4627,124.8979
31.4477,124.9409
31.5031,125.0084
31.54,125.0524
31.5606,125.0775
31.6151,125.1436
31.6426,125.1855
31.66,125.2192
31.7407,125.3205
31.9311,125.5451
31.9672,125.5933
32.0377,125.6952
32.0699,125.74
32.1091,125.7886
32.1183,125.8
32.2099,125.9288
32.2355,125.9577
32.2839,126.0125
32.3223,126.0563
32.3598,126.0991
32.3968,126.1413
32.4318,126.1848
32.4688,126.2314
32.4776,126.2424
32.5408,126.3225
32.5757,126.3673
32.6091,126.4097
32.6439,126.4536
32.6814,126.5012
32.7145,126.5434
32.7519,126.5899
32.7875,126.6342
32.8212,126.676
32.8605,126.724
32.8953,126.7663
32.9297,126.8086
32.9679,126.8551
33.0047,126.8997
33.0372,126.9338
33.0752,126.9726
33.1058,127.0102
33.1353,127.0487
33.1649,127.0908
33.1917,127.1341
33.2211,127.1744
33.2499,127.2181
33.2727,127.2631
33.3022,127.3035
33.3377,127.3423
33.37,127.3788
33.4012,127.4147
33.4366,127.4562
33.4661,127.494
33.4967,127.5336
33.5288,127.5757
33.5584,127.6145
33.5853,127.6495
33.6191,127.6941
33.6475,127.7312
33.6766,127.7698
33.7092,127.8139
33.741,127.8557
33.773,127.8976
33.8042,127.9387
33.8354,127.9798
33.8655,128.0191
33.8966,128.0595
33.9286,128.1013
33.9563,128.1375
33.9873,128.1786
34.0125,128.2226
34.0319,128.2585
34.0639,128.3097
34.094,128.3497
34.1222,128.3877
34.1518,128.4286
34.1837,128.4654
34.2077,128.5042
34.2341,128.5515
34.266,128.5854
34.2982,128.6162
34.333,128.6492
34.3667,128.6818
34.4,128.7136
34.4338,128.7455
34.47,128.779
34.5007,128.8056
34.5372,128.8292
34.577,128.8546
34.6142,128.8773
34.6572,128.8988
34.6916,128.9075
34.7305,128.9151
34.7721,128.9093
34.8128,128.8934
34.8517,128.884
34.8909,128.8735
34.9248,128.8503
34.9561,128.8277
34.9822,128.8126
35.013,128.7976
35.0448,128.7844
35.0644,128.7896
35.069,128.8073
35.0679,128.8108
35.0678,128.8108
35.0678,128.8107
35.0678,128.8107
35.0677,128.8109
35.0676,128.8109
35.0677,128.811
35.0679,128.8108
35.0678,128.8108
35.0679,128.8107
35.0679,128.8107
35.0677,128.8106
35.0676,128.8106
35.0677,128.8108
35.0678,128.8109
35.0677,128.8107
35.068,128.8107
35.0677,128.8107
35.0678,128.8107
35.0677,128.8108
35.0679,128.8107
35.0678,128.8106
35.068,128.8105
35.0677,128.8108
35.0678,128.8107
35.0679,128.8105
35.0679,128.8107
35.0679,128.8107
35.0678,128.8107
35.0678,128.8107
35.068,128.8109
35.0679,128.8107
35.0678,128.8108
35.0678,128.8108
35.0677,128.8111
35.0677,128.8108
35.0678,128.8108
35.0677,128.8109
35.0677,128.8108
35.0678,128.8108
35.0706,128.8134
35.0673,128.7926
35.0435,128.7807
35.0189,128.7852
34.9922,128.7942
34.9559,128.811
34.9176,128.8309
34.8798,128.8503
34.8367,128.8702
34.7599,128.9118
34.6736,128.9463
34.6362,128.938
34.5999,128.9145
34.5554,128.8907
34.5128,128.8699
34.4784,128.8531
34.4325,128.8326
34.3957,128.8162
34.3541,128.7968
34.3161,128.7775
34.2735,128.7534
34.2395,128.736
34.2003,128.7157
34.1657,128.6986
34.1203,128.6767
34.07,128.6519
34.0498,128.6421
34.0026,128.6183
33.9698,128.6014
33.9372,128.5846
33.8991,128.5645
33.8613,128.5424
33.8252,128.5207
33.7881,128.499
33.7521,128.4783
33.719,128.459
33.6807,128.4375
33.645,128.4182
33.6117,128.4017
33.5346,128.364
33.5017,128.3479
33.4462,128.3201
33.4268,128.3102
33.3996,128.2965
33.3557,128.2758
33.3141,128.2535
33.2835,128.2373
33.2398,128.214
33.2023,128.1947
33.1874,128.1861
33.1578,128.1664
33.1077,128.129
33.0841,128.1096
30.5565,128.318
30.4387,128.4336
30.4035,128.4687
30.3804,128.4919
30.3474,128.5245
30.3181,128.5536
30.2835,128.5843
30.2404,128.626
30.199,128.6656
30.1675,128.6953
30.1245,128.7388
30.0791,128.7868
30.0566,128.8097
30.018,128.8503
29.985,128.8778
29.9539,128.908
29.9276,128.9338
29.8939,128.967
29.8561,129.0031
29.8248,129.0332
29.7882,129.0675
29.7553,129.0974
29.7253,129.1245
29.6871,129.1591
29.6542,129.1889
29.6168,129.2234
29.575,129.2612
29.542,129.2896
29.5113,129.3172
29.4781,129.3495
29.4479,129.3805
29.4121,129.4176
29.3782,129.4534
29.3493,129.4838
29.3183,129.517
29.2903,129.5498
29.2601,129.5848
29.2285,129.6231
29.2002,129.6584
29.1741,129.6898
29.1432,129.7273
29.1152,129.7625
29.0887,129.7958
29.0574,129.8346
29.0264,129.8705
29.0017,129.901
28.9692,129.9439
28.9455,129.9735
28.9187,130.0067
28.8884,130.0449
28.8578,130.0823
28.8331,130.1118
28.8007,130.1523
28.7722,130.1885
28.7471,130.22
28.716,130.2576
28.688,130.2904
28.6583,130.3237
28.6296,130.3551
28.5993,130.3874
28.5708,130.4172
28.3868,130.6657
28.3609,130.6983
28.3346,130.7294
28.306,130.7623
28.2766,130.7952
28.2505,130.8258
28.2212,130.8631
28.1952,130.8978
28.1725,130.9277
28.1464,130.9616
28.1168,130.9999
28.093,131.0312
28.0678,131.0642
28.0366,131.0998
28.0113,131.1285
27.9802,131.1635
27.9562,131.19
27.9243,131.2251
27.895,131.2596
27.8695,131.2892
27.8418,131.3212
27.8158,131.356
27.7918,131.3876
27.765,131.4189
27.7339,131.4557
27.7072,131.4871
27.6865,131.511
27.6559,131.5468
27.6335,131.5728
27.6036,131.6079
27.5682,131.6494
27.5403,131.683
27.5197,131.7083
27.4893,131.7459
27.4626,131.7785
27.4379,131.8091
27.404,131.8507
27.3945,131.8623
27.3595,131.9055
27.33,131.9426
27.319,131.9561
27.2828,132.0011
27.0878,132.2309
26.8526,132.521
26.7002,132.712
26.6976,132.7152
26.649,132.7768
26.616,132.8188
26.5781,132.8667
26.5562,132.8944
26.4726,133.0006
26.3765,133.1014
26.3512,133.1311
26.3404,133.144
26.1808,133.333
25.9864,133.5518
25.9753,133.5645
25.9289,133.6176
25.8572,133.7033
25.8285,133.7364
25.7989,133.7706
25.7667,133.8063
25.7355,133.8402
25.7043,133.875
25.6758,133.9074
25.6446,133.9446
25.6158,133.9808
25.59,134.0131
25.5604,134.0498
25.533,134.0839
25.5016,134.1232
25.4727,134.16
25.446,134.1937
25.4147,134.2328
25.3832,134.2718
25.3602,134.2996
25.3299,134.3369
25.2997,134.3736
25.2759,134.403
25.2444,134.4433
25.2153,134.4798
25.1915,134.5087
25.1535,134.5558
25.1225,134.5934
25.1007,134.619
25.0698,134.6557
25.0417,134.6895
25.0156,134.7194
24.9846,134.7553
24.9538,134.7907
24.9287,134.8193
24.8925,134.8598
24.867,134.888
24.8384,134.9195
24.8054,134.9555
24.7749,134.9884
24.7445,135.0217
24.7152,135.0564
24.6853,135.0908
24.6578,135.1222
24.6262,135.1586
24.6005,135.1887
24.5708,135.2246
24.5411,135.2601
24.5336,135.269
24.4855,135.3272
24.4771,135.3373
24.2581,135.6071
23.9413,135.9851
22.3657,137.8299
22.0008,138.2521
21.6728,138.6164
21.3838,138.9788
20.6205,139.8429
20.3714,140.1144
20.1643,140.3525
19.5921,141.0221
18.4928,142.2538
18.0766,142.7384
17.8085,143.0453
17.5252,143.4025
17.246,143.7386
16.9869,144.0728
16.711,144.4147
16.4764,144.6969
16.4643,144.7124
16.1996,145.0496
15.9365,145.3787
14.6189,146.8288
14.3699,147.0707
14.0527,147.3997
13.3815,148.0744
13.0717,148.3895
12.7785,148.6774
12.7455,148.7104
12.492,148.961
12.4119,149.0388
11.742,149.7104
10.7743,150.6719
10.4571,151.0019
10.4256,151.0333
10.1508,151.3482
9.8028,151.6449
9.5097,151.9438
9.1957,152.2533
8.8944,152.5525
8.674,152.7485
8.3957,152.9981
8.2201,153.1546
7.9126,153.4236
7.5744,153.7283
7.2309,154.0306
6.8648,154.3575
6.4859,154.6837
6.1083,155.0178
5.7537,155.3399
5.3892,155.6552
5.0685,155.949
4.6935,156.2753
4.1518,156.735
3.8593,156.9957
3.597,157.2232
3.2573,157.518
2.9046,157.831
2.5698,158.1254
2.2224,158.4328
1.8408,158.7573
1.4737,159.087
1.1464,159.3811
0.7926,159.6857
0.4104,160.012
0.0535,160.3314
-0.2989,160.6369
-0.6712,160.9656
-0.9939,161.246
-1.0226,161.2716
-1.3752,161.5811
-1.7308,161.8842
-2.0696,162.1783
-2.4253,162.5042
-2.7977,162.8215
-3.1658,163.1577
-3.5234,163.4607
-3.8885,163.774
-4.2154,164.0648
-4.5761,164.3889
-4.9287,164.6962
-5.2446,164.9807
-5.2984,165.0285
-5.5481,165.2422
-5.6196,165.306
-6.0091,165.6523
-6.3668,165.9545
-6.7198,166.2751
-7.0754,166.594
-7.4065,166.8859
-7.6951,167.1476
-8.0697,167.4634
-8.3808,167.731
-9.0461,168.319
-9.3687,168.6206
-9.5669,168.8013
-9.6833,168.8994
-9.8442,169.0434
-10.0054,169.1906
-10.334,169.4687
-10.6632,169.7611
-10.996,170.0567
-11.3362,170.3744
-11.6696,170.6698
-11.9985,170.9657
-11.9989,170.966
-12.3199,171.2758
-13.7569,172.7212
-14.0148,172.9767
-14.2447,173.2128
-14.5682,173.5259
-14.8787,173.8454
-15.197,174.1681
-15.4886,174.4658
-15.5204,174.4976
-15.8319,174.8061
-16.1313,175.1157
-17.7874,176.7974
-18.1497,177.1613
-18.3202,177.48
-18.3315,177.5062
-18.5305,177.9024
-18.3803,178.2671
-18.1346,178.4196
-18.1347,178.4232
-18.1347,178.4232
-18.1348,178.4232
-18.1348,178.4232
-18.1348,178.4232
-18.1335,178.4226
-18.1591,178.3907
-18.5529,178.6093
-20.3059,178.4912
-20.5518,178.453
-20.9295,178.3924
-23.0173,177.9344
-23.326,177.867
-23.4744,177.8366
-23.7213,177.7858
-23.913,177.7382
-24.3487,177.6531
-24.7901,177.544
-25.2171,177.4449
-25.6488,177.3549
-26.0533,177.2633
-26.1699,177.2411
-26.5095,177.1587
-28.4669,176.7125
-29.0286,176.5802
-29.287,176.5216
-29.3388,176.5102
-29.6826,176.4263
-30.0633,176.3438
-30.4999,176.2438
-30.8886,176.1466
-31.3891,176.0267
-32.07,175.8631
-34.0256,175.3884
-34.0728,175.3781
-34.4202,175.2975
-34.7341,175.194
-35.0668,175.1217
-35.3676,175.0574
-35.6384,174.9915
-35.6706,174.9839
-35.7029,174.9759
-35.7332,174.9677
-35.7627,174.9599
-35.8028,174.9497
-35.8968,174.9294
-35.9274,174.9204
-35.9614,174.9105
-35.991,174.9022
-36.0255,174.8958
-36.0565,174.8918
-36.0908,174.89
-36.1259,174.8906
-36.1554,174.8981
-36.189,174.9102
-36.2136,174.9177
-36.2502,174.9288
-36.2835,174.9389
-36.3126,174.9475
-36.3472,174.9578
-36.3767,174.9664
